ISO-10303-21;
HEADER;
/* Generated by software containing ST-Developer
 * from STEP Tools, Inc. (www.steptools.com) 
 */

FILE_DESCRIPTION(
/* description */ (''),
/* implementation_level */ '2;1');

FILE_NAME(
/* name */ 'screwdriver.step',
/* time_stamp */ '2026-06-29T21:00:26+08:00',
/* author */ (''),
/* organization */ (''),
/* preprocessor_version */ 'ST-DEVELOPER v20.1',
/* originating_system */ 'Autodesk Translation Framework v15.8.0.0',
/* authorisation */ '');

FILE_SCHEMA (('AUTOMOTIVE_DESIGN { 1 0 10303 214 3 1 1 }'));
ENDSEC;

DATA;
#10=MECHANICAL_DESIGN_GEOMETRIC_PRESENTATION_REPRESENTATION('',(#29,#30,
#31),#2113);
#11=ITEM_DEFINED_TRANSFORMATION($,$,#816,#922);
#12=ITEM_DEFINED_TRANSFORMATION($,$,#906,#923);
#13=ITEM_DEFINED_TRANSFORMATION($,$,#912,#924);
#14=(
REPRESENTATION_RELATIONSHIP($,$,#2130,#2129)
REPRESENTATION_RELATIONSHIP_WITH_TRANSFORMATION(#11)
SHAPE_REPRESENTATION_RELATIONSHIP()
);
#15=(
REPRESENTATION_RELATIONSHIP($,$,#2131,#2129)
REPRESENTATION_RELATIONSHIP_WITH_TRANSFORMATION(#12)
SHAPE_REPRESENTATION_RELATIONSHIP()
);
#16=(
REPRESENTATION_RELATIONSHIP($,$,#2132,#2129)
REPRESENTATION_RELATIONSHIP_WITH_TRANSFORMATION(#13)
SHAPE_REPRESENTATION_RELATIONSHIP()
);
#17=CONTEXT_DEPENDENT_SHAPE_REPRESENTATION(#14,#2126);
#18=CONTEXT_DEPENDENT_SHAPE_REPRESENTATION(#15,#2127);
#19=CONTEXT_DEPENDENT_SHAPE_REPRESENTATION(#16,#2128);
#20=NEXT_ASSEMBLY_USAGE_OCCURRENCE('handle:1','handle:1','handle:1',#2134,
#2135,'handle:1');
#21=NEXT_ASSEMBLY_USAGE_OCCURRENCE('shank:1','shank:1','shank:1',#2134,
#2136,'shank:1');
#22=NEXT_ASSEMBLY_USAGE_OCCURRENCE('tip:1','tip:1','tip:1',#2134,#2137,
'tip:1');
#23=SHAPE_REPRESENTATION_RELATIONSHIP('SRR','None',#2130,#26);
#24=SHAPE_REPRESENTATION_RELATIONSHIP('SRR','None',#2131,#27);
#25=SHAPE_REPRESENTATION_RELATIONSHIP('SRR','None',#2132,#28);
#26=ADVANCED_BREP_SHAPE_REPRESENTATION('',(#32),#2110);
#27=ADVANCED_BREP_SHAPE_REPRESENTATION('',(#33),#2111);
#28=ADVANCED_BREP_SHAPE_REPRESENTATION('',(#34),#2112);
#29=STYLED_ITEM('',(#2153),#32);
#30=STYLED_ITEM('',(#2153),#33);
#31=STYLED_ITEM('',(#2153),#34);
#32=MANIFOLD_SOLID_BREP('Body1',#778);
#33=MANIFOLD_SOLID_BREP('Body1',#779);
#34=MANIFOLD_SOLID_BREP('Body1',#780);
#35=TOROIDAL_SURFACE('',#882,9.,5.);
#36=TOROIDAL_SURFACE('',#885,9.,5.);
#37=TOROIDAL_SURFACE('',#892,25.,14.);
#38=FACE_BOUND('',#153,.T.);
#39=PLANE('',#878);
#40=PLANE('',#880);
#41=PLANE('',#891);
#42=PLANE('',#894);
#43=PLANE('',#897);
#44=PLANE('',#900);
#45=PLANE('',#903);
#46=PLANE('',#904);
#47=PLANE('',#905);
#48=PLANE('',#910);
#49=PLANE('',#911);
#50=PLANE('',#920);
#51=PLANE('',#921);
#52=(
BOUNDED_SURFACE()
B_SPLINE_SURFACE(2,2,((#1279,#1280,#1281,#1282,#1283,#1284,#1285,#1286,
#1287),(#1288,#1289,#1290,#1291,#1292,#1293,#1294,#1295,#1296),(#1297,#1298,
#1299,#1300,#1301,#1302,#1303,#1304,#1305)),.UNSPECIFIED.,.F.,.T.,.F.)
B_SPLINE_SURFACE_WITH_KNOTS((3,3),(3,2,2,2,3),(-1.77635683940025E-15,1.5707963267949),
(-3.14159265358979,-1.5707963267949,0.,1.5707963267949,3.14159265358979),
 .UNSPECIFIED.)
GEOMETRIC_REPRESENTATION_ITEM()
RATIONAL_B_SPLINE_SURFACE(((1.,0.707106781186548,1.,0.707106781186548,1.,
0.707106781186548,1.,0.707106781186548,1.),(0.707106781186545,0.499999999999998,
0.707106781186545,0.499999999999998,0.707106781186545,0.499999999999998,
0.707106781186545,0.499999999999998,0.707106781186545),(1.,0.707106781186548,
1.,0.707106781186548,1.,0.707106781186548,1.,0.707106781186548,1.)))
REPRESENTATION_ITEM('')
SURFACE()
);
#53=B_SPLINE_CURVE_WITH_KNOTS('',3,(#1247,#1248,#1249,#1250,#1251,#1252,
#1253,#1254,#1255,#1256,#1257,#1258),.UNSPECIFIED.,.F.,.F.,(4,1,1,1,1,1,
1,1,1,4),(-1.76380982238516,-1.51183699061585,-1.25986415884654,-1.00789132707723,
-0.881904911192578,-0.755918495307924,-0.62993207942327,-0.503945663538616,
-0.251972831769308,0.),.UNSPECIFIED.);
#54=B_SPLINE_CURVE_WITH_KNOTS('',3,(#1261,#1262,#1263,#1264,#1265,#1266,
#1267,#1268,#1269,#1270,#1271,#1272),.UNSPECIFIED.,.F.,.F.,(4,1,1,1,1,1,
1,1,1,4),(0.,0.251972831769308,0.503945663538616,0.62993207942327,0.755918495307924,
0.881904911192578,1.00789132707723,1.25986415884654,1.51183699061585,1.76380982238516),
 .UNSPECIFIED.);
#55=B_SPLINE_CURVE_WITH_KNOTS('',3,(#1314,#1315,#1316,#1317,#1318,#1319,
#1320,#1321,#1322,#1323,#1324,#1325),.UNSPECIFIED.,.F.,.F.,(4,1,1,1,1,1,
1,1,1,4),(-1.76380652990419,-1.5118341684893,-1.25986180707442,-1.00788944565954,
-0.881903264952094,-0.755917084244652,-0.62993090353721,-0.503944722829768,
-0.251972361414884,0.),.UNSPECIFIED.);
#56=B_SPLINE_CURVE_WITH_KNOTS('',3,(#1329,#1330,#1331,#1332,#1333,#1334,
#1335,#1336,#1337,#1338,#1339,#1340),.UNSPECIFIED.,.F.,.F.,(4,1,1,1,1,1,
1,1,1,4),(-1.76380982238516,-1.51183699061585,-1.25986415884654,-1.00789132707723,
-0.881904911192578,-0.755918495307924,-0.62993207942327,-0.503945663538616,
-0.251972831769308,0.),.UNSPECIFIED.);
#57=B_SPLINE_CURVE_WITH_KNOTS('',3,(#1344,#1345,#1346,#1347,#1348,#1349,
#1350,#1351,#1352,#1353,#1354,#1355),.UNSPECIFIED.,.F.,.F.,(4,1,1,1,1,1,
1,1,1,4),(-1.76380982238516,-1.51183699061585,-1.25986415884654,-1.00789132707723,
-0.881904911192578,-0.755918495307924,-0.62993207942327,-0.503945663538616,
-0.251972831769308,0.),.UNSPECIFIED.);
#58=B_SPLINE_CURVE_WITH_KNOTS('',3,(#1359,#1360,#1361,#1362,#1363,#1364,
#1365,#1366,#1367,#1368,#1369,#1370),.UNSPECIFIED.,.F.,.F.,(4,1,1,1,1,1,
1,1,1,4),(-1.76380652990419,-1.51183416848931,-1.25986180707442,-1.13387562636698,
-1.00788944565954,-0.881903264952095,-0.755917084244654,-0.50394472282977,
-0.251972361414885,-1.40213327329241E-15),.UNSPECIFIED.);
#59=B_SPLINE_CURVE_WITH_KNOTS('',3,(#1374,#1375,#1376,#1377,#1378,#1379,
#1380,#1381,#1382,#1383,#1384,#1385),.UNSPECIFIED.,.F.,.F.,(4,1,1,1,1,1,
1,1,1,4),(-1.76380982238516,-1.51183699061585,-1.25986415884654,-1.00789132707723,
-0.881904911192578,-0.755918495307924,-0.62993207942327,-0.503945663538616,
-0.251972831769308,0.),.UNSPECIFIED.);
#60=B_SPLINE_CURVE_WITH_KNOTS('',3,(#1489,#1490,#1491,#1492,#1493,#1494,
#1495,#1496,#1497,#1498,#1499,#1500),.UNSPECIFIED.,.F.,.F.,(4,1,1,1,1,1,
1,1,1,4),(0.,0.251972361414884,0.503944722829768,0.62993090353721,0.755917084244652,
0.881903264952094,1.00788944565954,1.25986180707442,1.5118341684893,1.76380652990419),
 .UNSPECIFIED.);
#61=B_SPLINE_CURVE_WITH_KNOTS('',3,(#1573,#1574,#1575,#1576,#1577,#1578,
#1579,#1580,#1581,#1582,#1583,#1584),.UNSPECIFIED.,.F.,.F.,(4,1,1,1,1,1,
1,1,1,4),(0.,0.251972831769308,0.503945663538616,0.62993207942327,0.755918495307924,
0.881904911192578,1.00789132707723,1.25986415884654,1.51183699061585,1.76380982238516),
 .UNSPECIFIED.);
#62=B_SPLINE_CURVE_WITH_KNOTS('',3,(#1657,#1658,#1659,#1660,#1661,#1662,
#1663,#1664,#1665,#1666,#1667,#1668),.UNSPECIFIED.,.F.,.F.,(4,1,1,1,1,1,
1,1,1,4),(0.,0.251972831769308,0.503945663538616,0.62993207942327,0.755918495307924,
0.881904911192578,1.00789132707723,1.25986415884654,1.51183699061585,1.76380982238516),
 .UNSPECIFIED.);
#63=B_SPLINE_CURVE_WITH_KNOTS('',3,(#1741,#1742,#1743,#1744,#1745,#1746,
#1747,#1748,#1749,#1750,#1751,#1752),.UNSPECIFIED.,.F.,.F.,(4,1,1,1,1,1,
1,1,1,4),(1.40213327329241E-15,0.251972361414885,0.50394472282977,0.755917084244654,
0.881903264952095,1.00788944565954,1.13387562636698,1.25986180707442,1.51183416848931,
1.76380652990419),.UNSPECIFIED.);
#64=B_SPLINE_CURVE_WITH_KNOTS('',3,(#1827,#1828,#1829,#1830,#1831,#1832,
#1833,#1834,#1835,#1836,#1837,#1838),.UNSPECIFIED.,.F.,.F.,(4,1,1,1,1,1,
1,1,1,4),(0.,0.251972831769308,0.503945663538616,0.62993207942327,0.755918495307924,
0.881904911192578,1.00789132707723,1.25986415884654,1.51183699061585,1.76380982238516),
 .UNSPECIFIED.);
#65=B_SPLINE_CURVE_WITH_KNOTS('',3,(#1936,#1937,#1938,#1939,#1940,#1941,
#1942,#1943,#1944,#1945,#1946,#1947,#1948,#1949,#1950,#1951,#1952),
 .UNSPECIFIED.,.T.,.F.,(4,1,1,1,1,1,1,1,1,1,1,1,1,1,4),(3.90306968980269,
4.46065107406021,5.01823245831774,5.57581384257527,6.13339522683279,6.50511614967115,
7.24855799534785,7.99199984102455,8.3637207638629,8.73544168670125,9.47888353237796,
9.85060445521631,10.594046300893,11.1516276851505,11.7092090694081),
 .UNSPECIFIED.);
#66=B_SPLINE_CURVE_WITH_KNOTS('',3,(#1954,#1955,#1956,#1957,#1958,#1959,
#1960,#1961,#1962,#1963,#1964,#1965,#1966,#1967),.UNSPECIFIED.,.F.,.F.,
(4,1,1,1,1,1,1,1,1,1,1,4),(-11.7092090694081,-11.1516276851505,-10.594046300893,
-9.85060445521631,-9.47888353237796,-8.73544168670125,-8.3637207638629,
-7.99199984102455,-7.24855799534785,-6.50511614967115,-6.13339522683279,
-5.85305865112202),.UNSPECIFIED.);
#67=B_SPLINE_CURVE_WITH_KNOTS('',3,(#1968,#1969,#1970,#1971,#1972,#1973,
#1974),.UNSPECIFIED.,.F.,.F.,(4,1,1,1,4),(-5.85305865112202,-5.57581384257527,
-5.01823245831774,-4.46065107406021,-3.90306968980269),.UNSPECIFIED.);
#68=B_SPLINE_CURVE_WITH_KNOTS('',3,(#2020,#2021,#2022,#2023,#2024,#2025,
#2026,#2027,#2028,#2029,#2030,#2031,#2032,#2033,#2034,#2035),
 .UNSPECIFIED.,.F.,.F.,(4,2,2,2,2,2,2,4),(1.23788272961425,1.44905747257286,
1.75686784144251,1.87227859403673,1.98768934663095,2.0970442736586,2.18976924053251,
2.28249420740641),.UNSPECIFIED.);
#69=B_SPLINE_CURVE_WITH_KNOTS('',3,(#2038,#2039,#2040,#2041,#2042,#2043,
#2044,#2045,#2046,#2047,#2048,#2049,#2050,#2051,#2052,#2053),
 .UNSPECIFIED.,.F.,.F.,(4,2,2,2,2,2,2,4),(2.28249420740641,2.37521917428032,
2.46794414115422,2.57729906818188,2.6927098207761,2.80812057337032,3.11593094223997,
3.32710568519858),.UNSPECIFIED.);
#70=B_SPLINE_CURVE_WITH_KNOTS('',3,(#2063,#2064,#2065,#2066,#2067,#2068,
#2069,#2070,#2071,#2072,#2073,#2074,#2075,#2076,#2077,#2078),
 .UNSPECIFIED.,.F.,.F.,(4,2,2,2,2,2,2,4),(1.23788272961425,1.44905747257286,
1.75686784144251,1.87227859403673,1.98768934663095,2.0970442736586,2.18976924053251,
2.28249420740641),.UNSPECIFIED.);
#71=B_SPLINE_CURVE_WITH_KNOTS('',3,(#2080,#2081,#2082,#2083,#2084,#2085,
#2086,#2087,#2088,#2089,#2090,#2091,#2092,#2093,#2094,#2095),
 .UNSPECIFIED.,.F.,.F.,(4,2,2,2,2,2,2,4),(2.28249420740641,2.37521917428032,
2.46794414115422,2.57729906818188,2.6927098207761,2.80812057337032,3.11593094223997,
3.32710568519858),.UNSPECIFIED.);
#72=B_SPLINE_SURFACE_WITH_KNOTS('',3,3,((#1186,#1187,#1188,#1189,#1190,
#1191,#1192,#1193,#1194,#1195,#1196,#1197),(#1198,#1199,#1200,#1201,#1202,
#1203,#1204,#1205,#1206,#1207,#1208,#1209),(#1210,#1211,#1212,#1213,#1214,
#1215,#1216,#1217,#1218,#1219,#1220,#1221),(#1222,#1223,#1224,#1225,#1226,
#1227,#1228,#1229,#1230,#1231,#1232,#1233),(#1234,#1235,#1236,#1237,#1238,
#1239,#1240,#1241,#1242,#1243,#1244,#1245)),.UNSPECIFIED.,.F.,.F.,.F.,(4,
1,4),(4,1,1,1,1,1,1,1,1,4),(0.,0.571428571428571,1.),(0.,0.251972831769308,
0.503945663538616,0.62993207942327,0.755918495307924,0.881904911192578,
1.00789132707723,1.25986415884654,1.51183699061585,1.76380982238516),
 .UNSPECIFIED.);
#73=B_SPLINE_SURFACE_WITH_KNOTS('',3,3,((#1427,#1428,#1429,#1430,#1431,
#1432,#1433,#1434,#1435,#1436,#1437,#1438),(#1439,#1440,#1441,#1442,#1443,
#1444,#1445,#1446,#1447,#1448,#1449,#1450),(#1451,#1452,#1453,#1454,#1455,
#1456,#1457,#1458,#1459,#1460,#1461,#1462),(#1463,#1464,#1465,#1466,#1467,
#1468,#1469,#1470,#1471,#1472,#1473,#1474),(#1475,#1476,#1477,#1478,#1479,
#1480,#1481,#1482,#1483,#1484,#1485,#1486)),.UNSPECIFIED.,.F.,.F.,.F.,(4,
1,4),(4,1,1,1,1,1,1,1,1,4),(0.,0.571428571428571,1.),(0.,0.251972361414884,
0.503944722829768,0.62993090353721,0.755917084244652,0.881903264952094,
1.00788944565954,1.25986180707442,1.5118341684893,1.76380652990419),
 .UNSPECIFIED.);
#74=B_SPLINE_SURFACE_WITH_KNOTS('',3,3,((#1511,#1512,#1513,#1514,#1515,
#1516,#1517,#1518,#1519,#1520,#1521,#1522),(#1523,#1524,#1525,#1526,#1527,
#1528,#1529,#1530,#1531,#1532,#1533,#1534),(#1535,#1536,#1537,#1538,#1539,
#1540,#1541,#1542,#1543,#1544,#1545,#1546),(#1547,#1548,#1549,#1550,#1551,
#1552,#1553,#1554,#1555,#1556,#1557,#1558),(#1559,#1560,#1561,#1562,#1563,
#1564,#1565,#1566,#1567,#1568,#1569,#1570)),.UNSPECIFIED.,.F.,.F.,.F.,(4,
1,4),(4,1,1,1,1,1,1,1,1,4),(0.,0.571428571428571,1.),(0.,0.251972831769308,
0.503945663538616,0.62993207942327,0.755918495307924,0.881904911192578,
1.00789132707723,1.25986415884654,1.51183699061585,1.76380982238516),
 .UNSPECIFIED.);
#75=B_SPLINE_SURFACE_WITH_KNOTS('',3,3,((#1595,#1596,#1597,#1598,#1599,
#1600,#1601,#1602,#1603,#1604,#1605,#1606),(#1607,#1608,#1609,#1610,#1611,
#1612,#1613,#1614,#1615,#1616,#1617,#1618),(#1619,#1620,#1621,#1622,#1623,
#1624,#1625,#1626,#1627,#1628,#1629,#1630),(#1631,#1632,#1633,#1634,#1635,
#1636,#1637,#1638,#1639,#1640,#1641,#1642),(#1643,#1644,#1645,#1646,#1647,
#1648,#1649,#1650,#1651,#1652,#1653,#1654)),.UNSPECIFIED.,.F.,.F.,.F.,(4,
1,4),(4,1,1,1,1,1,1,1,1,4),(0.,0.571428571428571,1.),(0.,0.251972831769308,
0.503945663538616,0.62993207942327,0.755918495307924,0.881904911192578,
1.00789132707723,1.25986415884654,1.51183699061585,1.76380982238516),
 .UNSPECIFIED.);
#76=B_SPLINE_SURFACE_WITH_KNOTS('',3,3,((#1679,#1680,#1681,#1682,#1683,
#1684,#1685,#1686,#1687,#1688,#1689,#1690),(#1691,#1692,#1693,#1694,#1695,
#1696,#1697,#1698,#1699,#1700,#1701,#1702),(#1703,#1704,#1705,#1706,#1707,
#1708,#1709,#1710,#1711,#1712,#1713,#1714),(#1715,#1716,#1717,#1718,#1719,
#1720,#1721,#1722,#1723,#1724,#1725,#1726),(#1727,#1728,#1729,#1730,#1731,
#1732,#1733,#1734,#1735,#1736,#1737,#1738)),.UNSPECIFIED.,.F.,.F.,.F.,(4,
1,4),(4,1,1,1,1,1,1,1,1,4),(0.,0.571428571428571,1.),(1.40213327329241E-15,
0.251972361414885,0.50394472282977,0.755917084244654,0.881903264952095,
1.00788944565954,1.13387562636698,1.25986180707442,1.51183416848931,1.76380652990419),
 .UNSPECIFIED.);
#77=B_SPLINE_SURFACE_WITH_KNOTS('',3,3,((#1765,#1766,#1767,#1768,#1769,
#1770,#1771,#1772,#1773,#1774,#1775,#1776),(#1777,#1778,#1779,#1780,#1781,
#1782,#1783,#1784,#1785,#1786,#1787,#1788),(#1789,#1790,#1791,#1792,#1793,
#1794,#1795,#1796,#1797,#1798,#1799,#1800),(#1801,#1802,#1803,#1804,#1805,
#1806,#1807,#1808,#1809,#1810,#1811,#1812),(#1813,#1814,#1815,#1816,#1817,
#1818,#1819,#1820,#1821,#1822,#1823,#1824)),.UNSPECIFIED.,.F.,.F.,.F.,(4,
1,4),(4,1,1,1,1,1,1,1,1,4),(0.,0.571428571428571,1.),(0.,0.251972831769308,
0.503945663538616,0.62993207942327,0.755918495307924,0.881904911192578,
1.00789132707723,1.25986415884654,1.51183699061585,1.76380982238516),
 .UNSPECIFIED.);
#78=B_SPLINE_SURFACE_WITH_KNOTS('',3,3,((#1848,#1849,#1850,#1851,#1852,
#1853,#1854,#1855,#1856,#1857,#1858,#1859,#1860,#1861,#1862,#1863,#1864),
(#1865,#1866,#1867,#1868,#1869,#1870,#1871,#1872,#1873,#1874,#1875,#1876,
#1877,#1878,#1879,#1880,#1881),(#1882,#1883,#1884,#1885,#1886,#1887,#1888,
#1889,#1890,#1891,#1892,#1893,#1894,#1895,#1896,#1897,#1898),(#1899,#1900,
#1901,#1902,#1903,#1904,#1905,#1906,#1907,#1908,#1909,#1910,#1911,#1912,
#1913,#1914,#1915),(#1916,#1917,#1918,#1919,#1920,#1921,#1922,#1923,#1924,
#1925,#1926,#1927,#1928,#1929,#1930,#1931,#1932)),.UNSPECIFIED.,.F.,.T.,
 .F.,(4,1,4),(4,1,1,1,1,1,1,1,1,1,1,1,1,1,4),(0.,0.571428571428571,1.),
(3.90306968980269,4.46065107406021,5.01823245831774,5.57581384257527,6.13339522683279,
6.50511614967115,7.24855799534785,7.99199984102455,8.3637207638629,8.73544168670125,
9.47888353237796,9.85060445521631,10.594046300893,11.1516276851505,11.7092090694081),
 .UNSPECIFIED.);
#79=FACE_OUTER_BOUND('',#127,.T.);
#80=FACE_OUTER_BOUND('',#128,.T.);
#81=FACE_OUTER_BOUND('',#129,.T.);
#82=FACE_OUTER_BOUND('',#130,.T.);
#83=FACE_OUTER_BOUND('',#131,.T.);
#84=FACE_OUTER_BOUND('',#132,.T.);
#85=FACE_OUTER_BOUND('',#133,.T.);
#86=FACE_OUTER_BOUND('',#134,.T.);
#87=FACE_OUTER_BOUND('',#135,.T.);
#88=FACE_OUTER_BOUND('',#136,.T.);
#89=FACE_OUTER_BOUND('',#137,.T.);
#90=FACE_OUTER_BOUND('',#138,.T.);
#91=FACE_OUTER_BOUND('',#139,.T.);
#92=FACE_OUTER_BOUND('',#140,.T.);
#93=FACE_OUTER_BOUND('',#141,.T.);
#94=FACE_OUTER_BOUND('',#142,.T.);
#95=FACE_OUTER_BOUND('',#143,.T.);
#96=FACE_OUTER_BOUND('',#144,.T.);
#97=FACE_OUTER_BOUND('',#145,.T.);
#98=FACE_OUTER_BOUND('',#146,.T.);
#99=FACE_OUTER_BOUND('',#147,.T.);
#100=FACE_OUTER_BOUND('',#148,.T.);
#101=FACE_OUTER_BOUND('',#149,.T.);
#102=FACE_OUTER_BOUND('',#150,.T.);
#103=FACE_OUTER_BOUND('',#151,.T.);
#104=FACE_OUTER_BOUND('',#152,.T.);
#105=FACE_OUTER_BOUND('',#154,.T.);
#106=FACE_OUTER_BOUND('',#155,.T.);
#107=FACE_OUTER_BOUND('',#156,.T.);
#108=FACE_OUTER_BOUND('',#157,.T.);
#109=FACE_OUTER_BOUND('',#158,.T.);
#110=FACE_OUTER_BOUND('',#159,.T.);
#111=FACE_OUTER_BOUND('',#160,.T.);
#112=FACE_OUTER_BOUND('',#161,.T.);
#113=FACE_OUTER_BOUND('',#162,.T.);
#114=FACE_OUTER_BOUND('',#163,.T.);
#115=FACE_OUTER_BOUND('',#164,.T.);
#116=FACE_OUTER_BOUND('',#165,.T.);
#117=FACE_OUTER_BOUND('',#166,.T.);
#118=FACE_OUTER_BOUND('',#167,.T.);
#119=FACE_OUTER_BOUND('',#168,.T.);
#120=FACE_OUTER_BOUND('',#169,.T.);
#121=FACE_OUTER_BOUND('',#170,.T.);
#122=FACE_OUTER_BOUND('',#171,.T.);
#123=FACE_OUTER_BOUND('',#172,.T.);
#124=FACE_OUTER_BOUND('',#173,.T.);
#125=FACE_OUTER_BOUND('',#174,.T.);
#126=FACE_OUTER_BOUND('',#175,.T.);
#127=EDGE_LOOP('',(#482,#483,#484,#485));
#128=EDGE_LOOP('',(#486,#487,#488,#489));
#129=EDGE_LOOP('',(#490,#491,#492,#493));
#130=EDGE_LOOP('',(#494,#495,#496,#497,#498,#499,#500,#501,#502,#503,#504,
#505,#506,#507,#508,#509));
#131=EDGE_LOOP('',(#510,#511,#512,#513,#514,#515,#516,#517,#518,#519,#520,
#521,#522,#523,#524,#525,#526,#527,#528,#529,#530,#531,#532,#533,#534,#535,
#536,#537,#538,#539));
#132=EDGE_LOOP('',(#540,#541,#542,#543));
#133=EDGE_LOOP('',(#544,#545,#546,#547));
#134=EDGE_LOOP('',(#548,#549,#550,#551));
#135=EDGE_LOOP('',(#552,#553,#554,#555));
#136=EDGE_LOOP('',(#556,#557,#558,#559));
#137=EDGE_LOOP('',(#560,#561,#562,#563));
#138=EDGE_LOOP('',(#564,#565,#566,#567));
#139=EDGE_LOOP('',(#568,#569,#570,#571));
#140=EDGE_LOOP('',(#572,#573,#574,#575));
#141=EDGE_LOOP('',(#576,#577,#578,#579));
#142=EDGE_LOOP('',(#580,#581,#582,#583));
#143=EDGE_LOOP('',(#584,#585,#586,#587));
#144=EDGE_LOOP('',(#588,#589,#590,#591));
#145=EDGE_LOOP('',(#592,#593,#594,#595));
#146=EDGE_LOOP('',(#596,#597,#598,#599));
#147=EDGE_LOOP('',(#600,#601,#602,#603));
#148=EDGE_LOOP('',(#604,#605,#606,#607));
#149=EDGE_LOOP('',(#608,#609,#610,#611));
#150=EDGE_LOOP('',(#612));
#151=EDGE_LOOP('',(#613,#614,#615,#616,#617));
#152=EDGE_LOOP('',(#618));
#153=EDGE_LOOP('',(#619));
#154=EDGE_LOOP('',(#620,#621,#622,#623,#624));
#155=EDGE_LOOP('',(#625,#626,#627,#628,#629,#630));
#156=EDGE_LOOP('',(#631,#632,#633,#634));
#157=EDGE_LOOP('',(#635));
#158=EDGE_LOOP('',(#636,#637,#638,#639,#640));
#159=EDGE_LOOP('',(#641,#642,#643,#644));
#160=EDGE_LOOP('',(#645,#646,#647,#648));
#161=EDGE_LOOP('',(#649,#650,#651,#652));
#162=EDGE_LOOP('',(#653,#654,#655,#656));
#163=EDGE_LOOP('',(#657,#658,#659,#660,#661));
#164=EDGE_LOOP('',(#662,#663,#664,#665));
#165=EDGE_LOOP('',(#666,#667,#668,#669));
#166=EDGE_LOOP('',(#670,#671,#672,#673));
#167=EDGE_LOOP('',(#674,#675,#676,#677));
#168=EDGE_LOOP('',(#678,#679,#680,#681));
#169=EDGE_LOOP('',(#682));
#170=EDGE_LOOP('',(#683));
#171=EDGE_LOOP('',(#684,#685,#686));
#172=EDGE_LOOP('',(#687,#688,#689,#690,#691,#692,#693,#694,#695,#696));
#173=EDGE_LOOP('',(#697,#698,#699));
#174=EDGE_LOOP('',(#700,#701,#702,#703,#704));
#175=EDGE_LOOP('',(#705));
#176=LINE('',#1182,#206);
#177=LINE('',#1185,#207);
#178=LINE('',#1277,#208);
#179=LINE('',#1278,#209);
#180=LINE('',#1390,#210);
#181=LINE('',#1393,#211);
#182=LINE('',#1395,#212);
#183=LINE('',#1398,#213);
#184=LINE('',#1400,#214);
#185=LINE('',#1403,#215);
#186=LINE('',#1405,#216);
#187=LINE('',#1408,#217);
#188=LINE('',#1410,#218);
#189=LINE('',#1414,#219);
#190=LINE('',#1420,#220);
#191=LINE('',#1425,#221);
#192=LINE('',#1504,#222);
#193=LINE('',#1509,#223);
#194=LINE('',#1588,#224);
#195=LINE('',#1593,#225);
#196=LINE('',#1672,#226);
#197=LINE('',#1678,#227);
#198=LINE('',#1756,#228);
#199=LINE('',#1763,#229);
#200=LINE('',#1842,#230);
#201=LINE('',#1990,#231);
#202=LINE('',#2012,#232);
#203=LINE('',#2037,#233);
#204=LINE('',#2058,#234);
#205=LINE('',#2098,#235);
#206=VECTOR('',#933,10.);
#207=VECTOR('',#936,10.);
#208=VECTOR('',#943,10.);
#209=VECTOR('',#944,10.);
#210=VECTOR('',#967,10.);
#211=VECTOR('',#970,10.);
#212=VECTOR('',#971,10.);
#213=VECTOR('',#974,10.);
#214=VECTOR('',#975,10.);
#215=VECTOR('',#978,10.);
#216=VECTOR('',#979,10.);
#217=VECTOR('',#982,10.);
#218=VECTOR('',#983,10.);
#219=VECTOR('',#986,14.);
#220=VECTOR('',#993,10.);
#221=VECTOR('',#998,10.);
#222=VECTOR('',#1007,10.);
#223=VECTOR('',#1012,10.);
#224=VECTOR('',#1021,10.);
#225=VECTOR('',#1026,10.);
#226=VECTOR('',#1035,10.);
#227=VECTOR('',#1042,10.);
#228=VECTOR('',#1049,10.);
#229=VECTOR('',#1058,10.);
#230=VECTOR('',#1067,10.);
#231=VECTOR('',#1100,3.5);
#232=VECTOR('',#1139,3.5);
#233=VECTOR('',#1150,10.);
#234=VECTOR('',#1155,3.5);
#235=VECTOR('',#1164,10.);
#236=CIRCLE('',#818,2.);
#237=CIRCLE('',#819,2.);
#238=CIRCLE('',#820,2.);
#239=CIRCLE('',#822,2.);
#240=CIRCLE('',#823,4.);
#241=CIRCLE('',#824,10.);
#242=CIRCLE('',#825,14.);
#243=CIRCLE('',#826,14.);
#244=CIRCLE('',#827,14.);
#245=CIRCLE('',#828,14.);
#246=CIRCLE('',#829,14.);
#247=CIRCLE('',#830,14.);
#248=CIRCLE('',#831,14.);
#249=CIRCLE('',#833,14.);
#250=CIRCLE('',#834,14.);
#251=CIRCLE('',#835,14.);
#252=CIRCLE('',#836,14.);
#253=CIRCLE('',#837,14.);
#254=CIRCLE('',#838,14.);
#255=CIRCLE('',#839,14.);
#256=CIRCLE('',#840,14.);
#257=CIRCLE('',#841,14.);
#258=CIRCLE('',#843,2.);
#259=CIRCLE('',#844,2.);
#260=CIRCLE('',#845,2.);
#261=CIRCLE('',#847,2.);
#262=CIRCLE('',#849,2.);
#263=CIRCLE('',#850,2.);
#264=CIRCLE('',#851,2.);
#265=CIRCLE('',#853,2.);
#266=CIRCLE('',#855,2.);
#267=CIRCLE('',#856,2.);
#268=CIRCLE('',#857,2.);
#269=CIRCLE('',#859,2.);
#270=CIRCLE('',#861,2.);
#271=CIRCLE('',#862,2.);
#272=CIRCLE('',#863,2.);
#273=CIRCLE('',#865,2.);
#274=CIRCLE('',#867,3.);
#275=CIRCLE('',#869,2.);
#276=CIRCLE('',#870,2.);
#277=CIRCLE('',#871,2.);
#278=CIRCLE('',#873,2.);
#279=CIRCLE('',#875,3.);
#280=CIRCLE('',#877,3.);
#281=CIRCLE('',#879,1.5);
#282=CIRCLE('',#881,3.5);
#283=CIRCLE('',#883,5.);
#284=CIRCLE('',#884,13.2105263157895);
#285=CIRCLE('',#886,5.);
#286=CIRCLE('',#887,13.2105263157895);
#287=CIRCLE('',#888,13.2105263157895);
#288=CIRCLE('',#890,3.5);
#289=CIRCLE('',#893,14.);
#290=CIRCLE('',#896,3.);
#291=CIRCLE('',#899,3.);
#292=CIRCLE('',#902,3.);
#293=CIRCLE('',#908,3.5);
#294=CIRCLE('',#909,3.5);
#295=CIRCLE('',#915,3.5);
#296=CIRCLE('',#916,3.5);
#297=CIRCLE('',#917,3.5);
#298=CIRCLE('',#918,3.5);
#299=VERTEX_POINT('',#1178);
#300=VERTEX_POINT('',#1179);
#301=VERTEX_POINT('',#1181);
#302=VERTEX_POINT('',#1183);
#303=VERTEX_POINT('',#1246);
#304=VERTEX_POINT('',#1259);
#305=VERTEX_POINT('',#1274);
#306=VERTEX_POINT('',#1275);
#307=VERTEX_POINT('',#1306);
#308=VERTEX_POINT('',#1308);
#309=VERTEX_POINT('',#1311);
#310=VERTEX_POINT('',#1313);
#311=VERTEX_POINT('',#1326);
#312=VERTEX_POINT('',#1328);
#313=VERTEX_POINT('',#1341);
#314=VERTEX_POINT('',#1343);
#315=VERTEX_POINT('',#1356);
#316=VERTEX_POINT('',#1358);
#317=VERTEX_POINT('',#1371);
#318=VERTEX_POINT('',#1373);
#319=VERTEX_POINT('',#1389);
#320=VERTEX_POINT('',#1391);
#321=VERTEX_POINT('',#1394);
#322=VERTEX_POINT('',#1396);
#323=VERTEX_POINT('',#1399);
#324=VERTEX_POINT('',#1401);
#325=VERTEX_POINT('',#1404);
#326=VERTEX_POINT('',#1406);
#327=VERTEX_POINT('',#1409);
#328=VERTEX_POINT('',#1411);
#329=VERTEX_POINT('',#1413);
#330=VERTEX_POINT('',#1415);
#331=VERTEX_POINT('',#1418);
#332=VERTEX_POINT('',#1422);
#333=VERTEX_POINT('',#1424);
#334=VERTEX_POINT('',#1487);
#335=VERTEX_POINT('',#1502);
#336=VERTEX_POINT('',#1506);
#337=VERTEX_POINT('',#1508);
#338=VERTEX_POINT('',#1571);
#339=VERTEX_POINT('',#1586);
#340=VERTEX_POINT('',#1590);
#341=VERTEX_POINT('',#1592);
#342=VERTEX_POINT('',#1655);
#343=VERTEX_POINT('',#1670);
#344=VERTEX_POINT('',#1674);
#345=VERTEX_POINT('',#1676);
#346=VERTEX_POINT('',#1739);
#347=VERTEX_POINT('',#1754);
#348=VERTEX_POINT('',#1760);
#349=VERTEX_POINT('',#1762);
#350=VERTEX_POINT('',#1825);
#351=VERTEX_POINT('',#1840);
#352=VERTEX_POINT('',#1933);
#353=VERTEX_POINT('',#1934);
#354=VERTEX_POINT('',#1953);
#355=VERTEX_POINT('',#1976);
#356=VERTEX_POINT('',#1979);
#357=VERTEX_POINT('',#1983);
#358=VERTEX_POINT('',#1985);
#359=VERTEX_POINT('',#1989);
#360=VERTEX_POINT('',#2009);
#361=VERTEX_POINT('',#2011);
#362=VERTEX_POINT('',#2018);
#363=VERTEX_POINT('',#2019);
#364=VERTEX_POINT('',#2036);
#365=VERTEX_POINT('',#2055);
#366=VERTEX_POINT('',#2057);
#367=VERTEX_POINT('',#2060);
#368=VERTEX_POINT('',#2062);
#369=VERTEX_POINT('',#2079);
#370=EDGE_CURVE('',#299,#300,#236,.T.);
#371=EDGE_CURVE('',#300,#301,#176,.T.);
#372=EDGE_CURVE('',#301,#302,#237,.F.);
#373=EDGE_CURVE('',#302,#299,#177,.T.);
#374=EDGE_CURVE('',#299,#303,#53,.T.);
#375=EDGE_CURVE('',#303,#304,#238,.T.);
#376=EDGE_CURVE('',#304,#300,#54,.T.);
#377=EDGE_CURVE('',#305,#306,#239,.F.);
#378=EDGE_CURVE('',#306,#304,#178,.T.);
#379=EDGE_CURVE('',#303,#305,#179,.T.);
#380=EDGE_CURVE('',#307,#307,#240,.T.);
#381=EDGE_CURVE('',#307,#308,#241,.T.);
#382=EDGE_CURVE('',#308,#303,#242,.T.);
#383=EDGE_CURVE('',#299,#309,#243,.T.);
#384=EDGE_CURVE('',#310,#309,#55,.T.);
#385=EDGE_CURVE('',#310,#311,#244,.T.);
#386=EDGE_CURVE('',#312,#311,#56,.T.);
#387=EDGE_CURVE('',#312,#313,#245,.T.);
#388=EDGE_CURVE('',#314,#313,#57,.T.);
#389=EDGE_CURVE('',#314,#315,#246,.T.);
#390=EDGE_CURVE('',#316,#315,#58,.T.);
#391=EDGE_CURVE('',#316,#317,#247,.T.);
#392=EDGE_CURVE('',#318,#317,#59,.T.);
#393=EDGE_CURVE('',#318,#308,#248,.T.);
#394=EDGE_CURVE('',#305,#302,#249,.T.);
#395=EDGE_CURVE('',#319,#318,#180,.T.);
#396=EDGE_CURVE('',#320,#319,#250,.T.);
#397=EDGE_CURVE('',#317,#320,#181,.T.);
#398=EDGE_CURVE('',#321,#316,#182,.T.);
#399=EDGE_CURVE('',#321,#322,#251,.T.);
#400=EDGE_CURVE('',#315,#322,#183,.T.);
#401=EDGE_CURVE('',#323,#314,#184,.T.);
#402=EDGE_CURVE('',#324,#323,#252,.T.);
#403=EDGE_CURVE('',#313,#324,#185,.T.);
#404=EDGE_CURVE('',#325,#312,#186,.T.);
#405=EDGE_CURVE('',#326,#325,#253,.T.);
#406=EDGE_CURVE('',#311,#326,#187,.T.);
#407=EDGE_CURVE('',#327,#310,#188,.T.);
#408=EDGE_CURVE('',#328,#327,#254,.T.);
#409=EDGE_CURVE('',#328,#329,#189,.T.);
#410=EDGE_CURVE('',#330,#329,#255,.T.);
#411=EDGE_CURVE('',#329,#330,#256,.T.);
#412=EDGE_CURVE('',#331,#328,#257,.T.);
#413=EDGE_CURVE('',#309,#331,#190,.T.);
#414=EDGE_CURVE('',#310,#332,#258,.T.);
#415=EDGE_CURVE('',#332,#333,#191,.T.);
#416=EDGE_CURVE('',#333,#327,#259,.F.);
#417=EDGE_CURVE('',#309,#334,#260,.T.);
#418=EDGE_CURVE('',#334,#332,#60,.T.);
#419=EDGE_CURVE('',#331,#335,#261,.F.);
#420=EDGE_CURVE('',#335,#334,#192,.T.);
#421=EDGE_CURVE('',#312,#336,#262,.T.);
#422=EDGE_CURVE('',#336,#337,#193,.T.);
#423=EDGE_CURVE('',#337,#325,#263,.F.);
#424=EDGE_CURVE('',#311,#338,#264,.T.);
#425=EDGE_CURVE('',#338,#336,#61,.T.);
#426=EDGE_CURVE('',#326,#339,#265,.F.);
#427=EDGE_CURVE('',#339,#338,#194,.T.);
#428=EDGE_CURVE('',#318,#340,#266,.T.);
#429=EDGE_CURVE('',#340,#341,#195,.T.);
#430=EDGE_CURVE('',#341,#319,#267,.F.);
#431=EDGE_CURVE('',#317,#342,#268,.T.);
#432=EDGE_CURVE('',#342,#340,#62,.T.);
#433=EDGE_CURVE('',#320,#343,#269,.F.);
#434=EDGE_CURVE('',#343,#342,#196,.T.);
#435=EDGE_CURVE('',#344,#315,#270,.T.);
#436=EDGE_CURVE('',#322,#345,#271,.F.);
#437=EDGE_CURVE('',#345,#344,#197,.T.);
#438=EDGE_CURVE('',#346,#316,#272,.T.);
#439=EDGE_CURVE('',#344,#346,#63,.T.);
#440=EDGE_CURVE('',#347,#321,#273,.F.);
#441=EDGE_CURVE('',#346,#347,#198,.T.);
#442=EDGE_CURVE('',#345,#347,#274,.T.);
#443=EDGE_CURVE('',#314,#348,#275,.T.);
#444=EDGE_CURVE('',#348,#349,#199,.T.);
#445=EDGE_CURVE('',#349,#323,#276,.F.);
#446=EDGE_CURVE('',#313,#350,#277,.T.);
#447=EDGE_CURVE('',#350,#348,#64,.T.);
#448=EDGE_CURVE('',#324,#351,#278,.F.);
#449=EDGE_CURVE('',#351,#350,#200,.T.);
#450=EDGE_CURVE('',#343,#341,#279,.T.);
#451=EDGE_CURVE('',#351,#349,#280,.T.);
#452=EDGE_CURVE('',#352,#353,#281,.T.);
#453=EDGE_CURVE('',#353,#353,#65,.T.);
#454=EDGE_CURVE('',#352,#354,#66,.T.);
#455=EDGE_CURVE('',#354,#352,#67,.T.);
#456=EDGE_CURVE('',#355,#355,#282,.T.);
#457=EDGE_CURVE('',#330,#356,#283,.T.);
#458=EDGE_CURVE('',#356,#356,#284,.T.);
#459=EDGE_CURVE('',#354,#357,#285,.T.);
#460=EDGE_CURVE('',#357,#358,#286,.T.);
#461=EDGE_CURVE('',#358,#357,#287,.T.);
#462=EDGE_CURVE('',#355,#359,#201,.T.);
#463=EDGE_CURVE('',#359,#359,#288,.T.);
#464=EDGE_CURVE('',#356,#358,#289,.T.);
#465=EDGE_CURVE('',#339,#337,#290,.T.);
#466=EDGE_CURVE('',#335,#333,#291,.T.);
#467=EDGE_CURVE('',#306,#301,#292,.T.);
#468=EDGE_CURVE('',#360,#360,#293,.T.);
#469=EDGE_CURVE('',#360,#361,#202,.T.);
#470=EDGE_CURVE('',#361,#361,#294,.T.);
#471=EDGE_CURVE('',#362,#363,#68,.T.);
#472=EDGE_CURVE('',#364,#362,#203,.T.);
#473=EDGE_CURVE('',#363,#364,#69,.T.);
#474=EDGE_CURVE('',#365,#364,#295,.T.);
#475=EDGE_CURVE('',#365,#366,#204,.T.);
#476=EDGE_CURVE('',#366,#366,#296,.T.);
#477=EDGE_CURVE('',#367,#365,#297,.T.);
#478=EDGE_CURVE('',#367,#368,#70,.T.);
#479=EDGE_CURVE('',#368,#369,#71,.T.);
#480=EDGE_CURVE('',#362,#369,#298,.T.);
#481=EDGE_CURVE('',#369,#367,#205,.T.);
#482=ORIENTED_EDGE('',*,*,#370,.T.);
#483=ORIENTED_EDGE('',*,*,#371,.T.);
#484=ORIENTED_EDGE('',*,*,#372,.T.);
#485=ORIENTED_EDGE('',*,*,#373,.T.);
#486=ORIENTED_EDGE('',*,*,#370,.F.);
#487=ORIENTED_EDGE('',*,*,#374,.T.);
#488=ORIENTED_EDGE('',*,*,#375,.T.);
#489=ORIENTED_EDGE('',*,*,#376,.T.);
#490=ORIENTED_EDGE('',*,*,#377,.T.);
#491=ORIENTED_EDGE('',*,*,#378,.T.);
#492=ORIENTED_EDGE('',*,*,#375,.F.);
#493=ORIENTED_EDGE('',*,*,#379,.T.);
#494=ORIENTED_EDGE('',*,*,#380,.T.);
#495=ORIENTED_EDGE('',*,*,#381,.T.);
#496=ORIENTED_EDGE('',*,*,#382,.T.);
#497=ORIENTED_EDGE('',*,*,#374,.F.);
#498=ORIENTED_EDGE('',*,*,#383,.T.);
#499=ORIENTED_EDGE('',*,*,#384,.F.);
#500=ORIENTED_EDGE('',*,*,#385,.T.);
#501=ORIENTED_EDGE('',*,*,#386,.F.);
#502=ORIENTED_EDGE('',*,*,#387,.T.);
#503=ORIENTED_EDGE('',*,*,#388,.F.);
#504=ORIENTED_EDGE('',*,*,#389,.T.);
#505=ORIENTED_EDGE('',*,*,#390,.F.);
#506=ORIENTED_EDGE('',*,*,#391,.T.);
#507=ORIENTED_EDGE('',*,*,#392,.F.);
#508=ORIENTED_EDGE('',*,*,#393,.T.);
#509=ORIENTED_EDGE('',*,*,#381,.F.);
#510=ORIENTED_EDGE('',*,*,#394,.F.);
#511=ORIENTED_EDGE('',*,*,#379,.F.);
#512=ORIENTED_EDGE('',*,*,#382,.F.);
#513=ORIENTED_EDGE('',*,*,#393,.F.);
#514=ORIENTED_EDGE('',*,*,#395,.F.);
#515=ORIENTED_EDGE('',*,*,#396,.F.);
#516=ORIENTED_EDGE('',*,*,#397,.F.);
#517=ORIENTED_EDGE('',*,*,#391,.F.);
#518=ORIENTED_EDGE('',*,*,#398,.F.);
#519=ORIENTED_EDGE('',*,*,#399,.T.);
#520=ORIENTED_EDGE('',*,*,#400,.F.);
#521=ORIENTED_EDGE('',*,*,#389,.F.);
#522=ORIENTED_EDGE('',*,*,#401,.F.);
#523=ORIENTED_EDGE('',*,*,#402,.F.);
#524=ORIENTED_EDGE('',*,*,#403,.F.);
#525=ORIENTED_EDGE('',*,*,#387,.F.);
#526=ORIENTED_EDGE('',*,*,#404,.F.);
#527=ORIENTED_EDGE('',*,*,#405,.F.);
#528=ORIENTED_EDGE('',*,*,#406,.F.);
#529=ORIENTED_EDGE('',*,*,#385,.F.);
#530=ORIENTED_EDGE('',*,*,#407,.F.);
#531=ORIENTED_EDGE('',*,*,#408,.F.);
#532=ORIENTED_EDGE('',*,*,#409,.T.);
#533=ORIENTED_EDGE('',*,*,#410,.F.);
#534=ORIENTED_EDGE('',*,*,#411,.F.);
#535=ORIENTED_EDGE('',*,*,#409,.F.);
#536=ORIENTED_EDGE('',*,*,#412,.F.);
#537=ORIENTED_EDGE('',*,*,#413,.F.);
#538=ORIENTED_EDGE('',*,*,#383,.F.);
#539=ORIENTED_EDGE('',*,*,#373,.F.);
#540=ORIENTED_EDGE('',*,*,#414,.T.);
#541=ORIENTED_EDGE('',*,*,#415,.T.);
#542=ORIENTED_EDGE('',*,*,#416,.T.);
#543=ORIENTED_EDGE('',*,*,#407,.T.);
#544=ORIENTED_EDGE('',*,*,#414,.F.);
#545=ORIENTED_EDGE('',*,*,#384,.T.);
#546=ORIENTED_EDGE('',*,*,#417,.T.);
#547=ORIENTED_EDGE('',*,*,#418,.T.);
#548=ORIENTED_EDGE('',*,*,#419,.T.);
#549=ORIENTED_EDGE('',*,*,#420,.T.);
#550=ORIENTED_EDGE('',*,*,#417,.F.);
#551=ORIENTED_EDGE('',*,*,#413,.T.);
#552=ORIENTED_EDGE('',*,*,#421,.T.);
#553=ORIENTED_EDGE('',*,*,#422,.T.);
#554=ORIENTED_EDGE('',*,*,#423,.T.);
#555=ORIENTED_EDGE('',*,*,#404,.T.);
#556=ORIENTED_EDGE('',*,*,#421,.F.);
#557=ORIENTED_EDGE('',*,*,#386,.T.);
#558=ORIENTED_EDGE('',*,*,#424,.T.);
#559=ORIENTED_EDGE('',*,*,#425,.T.);
#560=ORIENTED_EDGE('',*,*,#426,.T.);
#561=ORIENTED_EDGE('',*,*,#427,.T.);
#562=ORIENTED_EDGE('',*,*,#424,.F.);
#563=ORIENTED_EDGE('',*,*,#406,.T.);
#564=ORIENTED_EDGE('',*,*,#428,.T.);
#565=ORIENTED_EDGE('',*,*,#429,.T.);
#566=ORIENTED_EDGE('',*,*,#430,.T.);
#567=ORIENTED_EDGE('',*,*,#395,.T.);
#568=ORIENTED_EDGE('',*,*,#428,.F.);
#569=ORIENTED_EDGE('',*,*,#392,.T.);
#570=ORIENTED_EDGE('',*,*,#431,.T.);
#571=ORIENTED_EDGE('',*,*,#432,.T.);
#572=ORIENTED_EDGE('',*,*,#433,.T.);
#573=ORIENTED_EDGE('',*,*,#434,.T.);
#574=ORIENTED_EDGE('',*,*,#431,.F.);
#575=ORIENTED_EDGE('',*,*,#397,.T.);
#576=ORIENTED_EDGE('',*,*,#435,.T.);
#577=ORIENTED_EDGE('',*,*,#400,.T.);
#578=ORIENTED_EDGE('',*,*,#436,.T.);
#579=ORIENTED_EDGE('',*,*,#437,.T.);
#580=ORIENTED_EDGE('',*,*,#438,.T.);
#581=ORIENTED_EDGE('',*,*,#390,.T.);
#582=ORIENTED_EDGE('',*,*,#435,.F.);
#583=ORIENTED_EDGE('',*,*,#439,.T.);
#584=ORIENTED_EDGE('',*,*,#440,.T.);
#585=ORIENTED_EDGE('',*,*,#398,.T.);
#586=ORIENTED_EDGE('',*,*,#438,.F.);
#587=ORIENTED_EDGE('',*,*,#441,.T.);
#588=ORIENTED_EDGE('',*,*,#441,.F.);
#589=ORIENTED_EDGE('',*,*,#439,.F.);
#590=ORIENTED_EDGE('',*,*,#437,.F.);
#591=ORIENTED_EDGE('',*,*,#442,.T.);
#592=ORIENTED_EDGE('',*,*,#443,.T.);
#593=ORIENTED_EDGE('',*,*,#444,.T.);
#594=ORIENTED_EDGE('',*,*,#445,.T.);
#595=ORIENTED_EDGE('',*,*,#401,.T.);
#596=ORIENTED_EDGE('',*,*,#443,.F.);
#597=ORIENTED_EDGE('',*,*,#388,.T.);
#598=ORIENTED_EDGE('',*,*,#446,.T.);
#599=ORIENTED_EDGE('',*,*,#447,.T.);
#600=ORIENTED_EDGE('',*,*,#448,.T.);
#601=ORIENTED_EDGE('',*,*,#449,.T.);
#602=ORIENTED_EDGE('',*,*,#446,.F.);
#603=ORIENTED_EDGE('',*,*,#403,.T.);
#604=ORIENTED_EDGE('',*,*,#434,.F.);
#605=ORIENTED_EDGE('',*,*,#450,.T.);
#606=ORIENTED_EDGE('',*,*,#429,.F.);
#607=ORIENTED_EDGE('',*,*,#432,.F.);
#608=ORIENTED_EDGE('',*,*,#449,.F.);
#609=ORIENTED_EDGE('',*,*,#451,.T.);
#610=ORIENTED_EDGE('',*,*,#444,.F.);
#611=ORIENTED_EDGE('',*,*,#447,.F.);
#612=ORIENTED_EDGE('',*,*,#380,.F.);
#613=ORIENTED_EDGE('',*,*,#452,.T.);
#614=ORIENTED_EDGE('',*,*,#453,.T.);
#615=ORIENTED_EDGE('',*,*,#452,.F.);
#616=ORIENTED_EDGE('',*,*,#454,.T.);
#617=ORIENTED_EDGE('',*,*,#455,.T.);
#618=ORIENTED_EDGE('',*,*,#453,.F.);
#619=ORIENTED_EDGE('',*,*,#456,.T.);
#620=ORIENTED_EDGE('',*,*,#410,.T.);
#621=ORIENTED_EDGE('',*,*,#411,.T.);
#622=ORIENTED_EDGE('',*,*,#457,.T.);
#623=ORIENTED_EDGE('',*,*,#458,.T.);
#624=ORIENTED_EDGE('',*,*,#457,.F.);
#625=ORIENTED_EDGE('',*,*,#454,.F.);
#626=ORIENTED_EDGE('',*,*,#455,.F.);
#627=ORIENTED_EDGE('',*,*,#459,.T.);
#628=ORIENTED_EDGE('',*,*,#460,.T.);
#629=ORIENTED_EDGE('',*,*,#461,.T.);
#630=ORIENTED_EDGE('',*,*,#459,.F.);
#631=ORIENTED_EDGE('',*,*,#456,.F.);
#632=ORIENTED_EDGE('',*,*,#462,.T.);
#633=ORIENTED_EDGE('',*,*,#463,.T.);
#634=ORIENTED_EDGE('',*,*,#462,.F.);
#635=ORIENTED_EDGE('',*,*,#463,.F.);
#636=ORIENTED_EDGE('',*,*,#458,.F.);
#637=ORIENTED_EDGE('',*,*,#464,.T.);
#638=ORIENTED_EDGE('',*,*,#460,.F.);
#639=ORIENTED_EDGE('',*,*,#461,.F.);
#640=ORIENTED_EDGE('',*,*,#464,.F.);
#641=ORIENTED_EDGE('',*,*,#402,.T.);
#642=ORIENTED_EDGE('',*,*,#445,.F.);
#643=ORIENTED_EDGE('',*,*,#451,.F.);
#644=ORIENTED_EDGE('',*,*,#448,.F.);
#645=ORIENTED_EDGE('',*,*,#427,.F.);
#646=ORIENTED_EDGE('',*,*,#465,.T.);
#647=ORIENTED_EDGE('',*,*,#422,.F.);
#648=ORIENTED_EDGE('',*,*,#425,.F.);
#649=ORIENTED_EDGE('',*,*,#405,.T.);
#650=ORIENTED_EDGE('',*,*,#423,.F.);
#651=ORIENTED_EDGE('',*,*,#465,.F.);
#652=ORIENTED_EDGE('',*,*,#426,.F.);
#653=ORIENTED_EDGE('',*,*,#420,.F.);
#654=ORIENTED_EDGE('',*,*,#466,.T.);
#655=ORIENTED_EDGE('',*,*,#415,.F.);
#656=ORIENTED_EDGE('',*,*,#418,.F.);
#657=ORIENTED_EDGE('',*,*,#412,.T.);
#658=ORIENTED_EDGE('',*,*,#408,.T.);
#659=ORIENTED_EDGE('',*,*,#416,.F.);
#660=ORIENTED_EDGE('',*,*,#466,.F.);
#661=ORIENTED_EDGE('',*,*,#419,.F.);
#662=ORIENTED_EDGE('',*,*,#378,.F.);
#663=ORIENTED_EDGE('',*,*,#467,.T.);
#664=ORIENTED_EDGE('',*,*,#371,.F.);
#665=ORIENTED_EDGE('',*,*,#376,.F.);
#666=ORIENTED_EDGE('',*,*,#394,.T.);
#667=ORIENTED_EDGE('',*,*,#372,.F.);
#668=ORIENTED_EDGE('',*,*,#467,.F.);
#669=ORIENTED_EDGE('',*,*,#377,.F.);
#670=ORIENTED_EDGE('',*,*,#396,.T.);
#671=ORIENTED_EDGE('',*,*,#430,.F.);
#672=ORIENTED_EDGE('',*,*,#450,.F.);
#673=ORIENTED_EDGE('',*,*,#433,.F.);
#674=ORIENTED_EDGE('',*,*,#399,.F.);
#675=ORIENTED_EDGE('',*,*,#440,.F.);
#676=ORIENTED_EDGE('',*,*,#442,.F.);
#677=ORIENTED_EDGE('',*,*,#436,.F.);
#678=ORIENTED_EDGE('',*,*,#468,.F.);
#679=ORIENTED_EDGE('',*,*,#469,.T.);
#680=ORIENTED_EDGE('',*,*,#470,.T.);
#681=ORIENTED_EDGE('',*,*,#469,.F.);
#682=ORIENTED_EDGE('',*,*,#468,.T.);
#683=ORIENTED_EDGE('',*,*,#470,.F.);
#684=ORIENTED_EDGE('',*,*,#471,.F.);
#685=ORIENTED_EDGE('',*,*,#472,.F.);
#686=ORIENTED_EDGE('',*,*,#473,.F.);
#687=ORIENTED_EDGE('',*,*,#471,.T.);
#688=ORIENTED_EDGE('',*,*,#473,.T.);
#689=ORIENTED_EDGE('',*,*,#474,.F.);
#690=ORIENTED_EDGE('',*,*,#475,.T.);
#691=ORIENTED_EDGE('',*,*,#476,.T.);
#692=ORIENTED_EDGE('',*,*,#475,.F.);
#693=ORIENTED_EDGE('',*,*,#477,.F.);
#694=ORIENTED_EDGE('',*,*,#478,.T.);
#695=ORIENTED_EDGE('',*,*,#479,.T.);
#696=ORIENTED_EDGE('',*,*,#480,.F.);
#697=ORIENTED_EDGE('',*,*,#479,.F.);
#698=ORIENTED_EDGE('',*,*,#478,.F.);
#699=ORIENTED_EDGE('',*,*,#481,.F.);
#700=ORIENTED_EDGE('',*,*,#472,.T.);
#701=ORIENTED_EDGE('',*,*,#480,.T.);
#702=ORIENTED_EDGE('',*,*,#481,.T.);
#703=ORIENTED_EDGE('',*,*,#477,.T.);
#704=ORIENTED_EDGE('',*,*,#474,.T.);
#705=ORIENTED_EDGE('',*,*,#476,.F.);
#706=CYLINDRICAL_SURFACE('',#817,2.);
#707=CYLINDRICAL_SURFACE('',#821,2.);
#708=CYLINDRICAL_SURFACE('',#832,14.);
#709=CYLINDRICAL_SURFACE('',#842,2.);
#710=CYLINDRICAL_SURFACE('',#846,2.);
#711=CYLINDRICAL_SURFACE('',#848,2.);
#712=CYLINDRICAL_SURFACE('',#852,2.);
#713=CYLINDRICAL_SURFACE('',#854,2.);
#714=CYLINDRICAL_SURFACE('',#858,2.);
#715=CYLINDRICAL_SURFACE('',#860,2.);
#716=CYLINDRICAL_SURFACE('',#864,2.);
#717=CYLINDRICAL_SURFACE('',#866,3.);
#718=CYLINDRICAL_SURFACE('',#868,2.);
#719=CYLINDRICAL_SURFACE('',#872,2.);
#720=CYLINDRICAL_SURFACE('',#874,3.);
#721=CYLINDRICAL_SURFACE('',#876,3.);
#722=CYLINDRICAL_SURFACE('',#889,3.5);
#723=CYLINDRICAL_SURFACE('',#895,3.);
#724=CYLINDRICAL_SURFACE('',#898,3.);
#725=CYLINDRICAL_SURFACE('',#901,3.);
#726=CYLINDRICAL_SURFACE('',#907,3.5);
#727=CYLINDRICAL_SURFACE('',#913,18.0000000000034);
#728=CYLINDRICAL_SURFACE('',#914,3.5);
#729=CYLINDRICAL_SURFACE('',#919,18.0000000000034);
#730=ADVANCED_FACE('',(#79),#706,.T.);
#731=ADVANCED_FACE('',(#80),#72,.F.);
#732=ADVANCED_FACE('',(#81),#707,.T.);
#733=ADVANCED_FACE('',(#82),#52,.F.);
#734=ADVANCED_FACE('',(#83),#708,.T.);
#735=ADVANCED_FACE('',(#84),#709,.T.);
#736=ADVANCED_FACE('',(#85),#73,.F.);
#737=ADVANCED_FACE('',(#86),#710,.T.);
#738=ADVANCED_FACE('',(#87),#711,.T.);
#739=ADVANCED_FACE('',(#88),#74,.F.);
#740=ADVANCED_FACE('',(#89),#712,.T.);
#741=ADVANCED_FACE('',(#90),#713,.T.);
#742=ADVANCED_FACE('',(#91),#75,.F.);
#743=ADVANCED_FACE('',(#92),#714,.T.);
#744=ADVANCED_FACE('',(#93),#715,.T.);
#745=ADVANCED_FACE('',(#94),#76,.F.);
#746=ADVANCED_FACE('',(#95),#716,.T.);
#747=ADVANCED_FACE('',(#96),#717,.F.);
#748=ADVANCED_FACE('',(#97),#718,.T.);
#749=ADVANCED_FACE('',(#98),#77,.F.);
#750=ADVANCED_FACE('',(#99),#719,.T.);
#751=ADVANCED_FACE('',(#100),#720,.F.);
#752=ADVANCED_FACE('',(#101),#721,.F.);
#753=ADVANCED_FACE('',(#102),#39,.T.);
#754=ADVANCED_FACE('',(#103),#78,.F.);
#755=ADVANCED_FACE('',(#104,#38),#40,.F.);
#756=ADVANCED_FACE('',(#105),#35,.T.);
#757=ADVANCED_FACE('',(#106),#36,.T.);
#758=ADVANCED_FACE('',(#107),#722,.F.);
#759=ADVANCED_FACE('',(#108),#41,.F.);
#760=ADVANCED_FACE('',(#109),#37,.F.);
#761=ADVANCED_FACE('',(#110),#42,.T.);
#762=ADVANCED_FACE('',(#111),#723,.F.);
#763=ADVANCED_FACE('',(#112),#43,.T.);
#764=ADVANCED_FACE('',(#113),#724,.F.);
#765=ADVANCED_FACE('',(#114),#44,.T.);
#766=ADVANCED_FACE('',(#115),#725,.F.);
#767=ADVANCED_FACE('',(#116),#45,.T.);
#768=ADVANCED_FACE('',(#117),#46,.T.);
#769=ADVANCED_FACE('',(#118),#47,.T.);
#770=ADVANCED_FACE('',(#119),#726,.T.);
#771=ADVANCED_FACE('',(#120),#48,.T.);
#772=ADVANCED_FACE('',(#121),#49,.F.);
#773=ADVANCED_FACE('',(#122),#727,.F.);
#774=ADVANCED_FACE('',(#123),#728,.T.);
#775=ADVANCED_FACE('',(#124),#729,.F.);
#776=ADVANCED_FACE('',(#125),#50,.T.);
#777=ADVANCED_FACE('',(#126),#51,.F.);
#778=CLOSED_SHELL('',(#730,#731,#732,#733,#734,#735,#736,#737,#738,#739,
#740,#741,#742,#743,#744,#745,#746,#747,#748,#749,#750,#751,#752,#753,#754,
#755,#756,#757,#758,#759,#760,#761,#762,#763,#764,#765,#766,#767,#768,#769));
#779=CLOSED_SHELL('',(#770,#771,#772));
#780=CLOSED_SHELL('',(#773,#774,#775,#776,#777));
#781=DERIVED_UNIT_ELEMENT(#787,1.);
#782=DERIVED_UNIT_ELEMENT(#2115,-3.);
#783=DERIVED_UNIT_ELEMENT(#787,1.);
#784=DERIVED_UNIT_ELEMENT(#2115,-3.);
#785=DERIVED_UNIT_ELEMENT(#787,1.);
#786=DERIVED_UNIT_ELEMENT(#2115,-3.);
#787=(
MASS_UNIT()
NAMED_UNIT(*)
SI_UNIT(.KILO.,.GRAM.)
);
#788=DERIVED_UNIT((#781,#782));
#789=DERIVED_UNIT((#783,#784));
#790=DERIVED_UNIT((#785,#786));
#791=MEASURE_REPRESENTATION_ITEM('density measure',
POSITIVE_RATIO_MEASURE(7850.),#788);
#792=MEASURE_REPRESENTATION_ITEM('density measure',
POSITIVE_RATIO_MEASURE(7850.),#789);
#793=MEASURE_REPRESENTATION_ITEM('density measure',
POSITIVE_RATIO_MEASURE(7850.),#790);
#794=PROPERTY_DEFINITION_REPRESENTATION(#809,#800);
#795=PROPERTY_DEFINITION_REPRESENTATION(#810,#801);
#796=PROPERTY_DEFINITION_REPRESENTATION(#811,#802);
#797=PROPERTY_DEFINITION_REPRESENTATION(#812,#803);
#798=PROPERTY_DEFINITION_REPRESENTATION(#813,#804);
#799=PROPERTY_DEFINITION_REPRESENTATION(#814,#805);
#800=REPRESENTATION('material name',(#806),#2110);
#801=REPRESENTATION('density',(#791),#2110);
#802=REPRESENTATION('material name',(#807),#2111);
#803=REPRESENTATION('density',(#792),#2111);
#804=REPRESENTATION('material name',(#808),#2112);
#805=REPRESENTATION('density',(#793),#2112);
#806=DESCRIPTIVE_REPRESENTATION_ITEM('Steel','Steel');
#807=DESCRIPTIVE_REPRESENTATION_ITEM('Steel','Steel');
#808=DESCRIPTIVE_REPRESENTATION_ITEM('Steel','Steel');
#809=PROPERTY_DEFINITION('material property','material name',#2135);
#810=PROPERTY_DEFINITION('material property','density of part',#2135);
#811=PROPERTY_DEFINITION('material property','material name',#2136);
#812=PROPERTY_DEFINITION('material property','density of part',#2136);
#813=PROPERTY_DEFINITION('material property','material name',#2137);
#814=PROPERTY_DEFINITION('material property','density of part',#2137);
#815=AXIS2_PLACEMENT_3D('',#1175,#925,#926);
#816=AXIS2_PLACEMENT_3D('',#1176,#927,#928);
#817=AXIS2_PLACEMENT_3D('',#1177,#929,#930);
#818=AXIS2_PLACEMENT_3D('',#1180,#931,#932);
#819=AXIS2_PLACEMENT_3D('',#1184,#934,#935);
#820=AXIS2_PLACEMENT_3D('',#1260,#937,#938);
#821=AXIS2_PLACEMENT_3D('',#1273,#939,#940);
#822=AXIS2_PLACEMENT_3D('',#1276,#941,#942);
#823=AXIS2_PLACEMENT_3D('',#1307,#945,#946);
#824=AXIS2_PLACEMENT_3D('',#1309,#947,#948);
#825=AXIS2_PLACEMENT_3D('',#1310,#949,#950);
#826=AXIS2_PLACEMENT_3D('',#1312,#951,#952);
#827=AXIS2_PLACEMENT_3D('',#1327,#953,#954);
#828=AXIS2_PLACEMENT_3D('',#1342,#955,#956);
#829=AXIS2_PLACEMENT_3D('',#1357,#957,#958);
#830=AXIS2_PLACEMENT_3D('',#1372,#959,#960);
#831=AXIS2_PLACEMENT_3D('',#1386,#961,#962);
#832=AXIS2_PLACEMENT_3D('',#1387,#963,#964);
#833=AXIS2_PLACEMENT_3D('',#1388,#965,#966);
#834=AXIS2_PLACEMENT_3D('',#1392,#968,#969);
#835=AXIS2_PLACEMENT_3D('',#1397,#972,#973);
#836=AXIS2_PLACEMENT_3D('',#1402,#976,#977);
#837=AXIS2_PLACEMENT_3D('',#1407,#980,#981);
#838=AXIS2_PLACEMENT_3D('',#1412,#984,#985);
#839=AXIS2_PLACEMENT_3D('',#1416,#987,#988);
#840=AXIS2_PLACEMENT_3D('',#1417,#989,#990);
#841=AXIS2_PLACEMENT_3D('',#1419,#991,#992);
#842=AXIS2_PLACEMENT_3D('',#1421,#994,#995);
#843=AXIS2_PLACEMENT_3D('',#1423,#996,#997);
#844=AXIS2_PLACEMENT_3D('',#1426,#999,#1000);
#845=AXIS2_PLACEMENT_3D('',#1488,#1001,#1002);
#846=AXIS2_PLACEMENT_3D('',#1501,#1003,#1004);
#847=AXIS2_PLACEMENT_3D('',#1503,#1005,#1006);
#848=AXIS2_PLACEMENT_3D('',#1505,#1008,#1009);
#849=AXIS2_PLACEMENT_3D('',#1507,#1010,#1011);
#850=AXIS2_PLACEMENT_3D('',#1510,#1013,#1014);
#851=AXIS2_PLACEMENT_3D('',#1572,#1015,#1016);
#852=AXIS2_PLACEMENT_3D('',#1585,#1017,#1018);
#853=AXIS2_PLACEMENT_3D('',#1587,#1019,#1020);
#854=AXIS2_PLACEMENT_3D('',#1589,#1022,#1023);
#855=AXIS2_PLACEMENT_3D('',#1591,#1024,#1025);
#856=AXIS2_PLACEMENT_3D('',#1594,#1027,#1028);
#857=AXIS2_PLACEMENT_3D('',#1656,#1029,#1030);
#858=AXIS2_PLACEMENT_3D('',#1669,#1031,#1032);
#859=AXIS2_PLACEMENT_3D('',#1671,#1033,#1034);
#860=AXIS2_PLACEMENT_3D('',#1673,#1036,#1037);
#861=AXIS2_PLACEMENT_3D('',#1675,#1038,#1039);
#862=AXIS2_PLACEMENT_3D('',#1677,#1040,#1041);
#863=AXIS2_PLACEMENT_3D('',#1740,#1043,#1044);
#864=AXIS2_PLACEMENT_3D('',#1753,#1045,#1046);
#865=AXIS2_PLACEMENT_3D('',#1755,#1047,#1048);
#866=AXIS2_PLACEMENT_3D('',#1757,#1050,#1051);
#867=AXIS2_PLACEMENT_3D('',#1758,#1052,#1053);
#868=AXIS2_PLACEMENT_3D('',#1759,#1054,#1055);
#869=AXIS2_PLACEMENT_3D('',#1761,#1056,#1057);
#870=AXIS2_PLACEMENT_3D('',#1764,#1059,#1060);
#871=AXIS2_PLACEMENT_3D('',#1826,#1061,#1062);
#872=AXIS2_PLACEMENT_3D('',#1839,#1063,#1064);
#873=AXIS2_PLACEMENT_3D('',#1841,#1065,#1066);
#874=AXIS2_PLACEMENT_3D('',#1843,#1068,#1069);
#875=AXIS2_PLACEMENT_3D('',#1844,#1070,#1071);
#876=AXIS2_PLACEMENT_3D('',#1845,#1072,#1073);
#877=AXIS2_PLACEMENT_3D('',#1846,#1074,#1075);
#878=AXIS2_PLACEMENT_3D('',#1847,#1076,#1077);
#879=AXIS2_PLACEMENT_3D('',#1935,#1078,#1079);
#880=AXIS2_PLACEMENT_3D('',#1975,#1080,#1081);
#881=AXIS2_PLACEMENT_3D('',#1977,#1082,#1083);
#882=AXIS2_PLACEMENT_3D('',#1978,#1084,#1085);
#883=AXIS2_PLACEMENT_3D('',#1980,#1086,#1087);
#884=AXIS2_PLACEMENT_3D('',#1981,#1088,#1089);
#885=AXIS2_PLACEMENT_3D('',#1982,#1090,#1091);
#886=AXIS2_PLACEMENT_3D('',#1984,#1092,#1093);
#887=AXIS2_PLACEMENT_3D('',#1986,#1094,#1095);
#888=AXIS2_PLACEMENT_3D('',#1987,#1096,#1097);
#889=AXIS2_PLACEMENT_3D('',#1988,#1098,#1099);
#890=AXIS2_PLACEMENT_3D('',#1991,#1101,#1102);
#891=AXIS2_PLACEMENT_3D('',#1992,#1103,#1104);
#892=AXIS2_PLACEMENT_3D('',#1993,#1105,#1106);
#893=AXIS2_PLACEMENT_3D('',#1994,#1107,#1108);
#894=AXIS2_PLACEMENT_3D('',#1995,#1109,#1110);
#895=AXIS2_PLACEMENT_3D('',#1996,#1111,#1112);
#896=AXIS2_PLACEMENT_3D('',#1997,#1113,#1114);
#897=AXIS2_PLACEMENT_3D('',#1998,#1115,#1116);
#898=AXIS2_PLACEMENT_3D('',#1999,#1117,#1118);
#899=AXIS2_PLACEMENT_3D('',#2000,#1119,#1120);
#900=AXIS2_PLACEMENT_3D('',#2001,#1121,#1122);
#901=AXIS2_PLACEMENT_3D('',#2002,#1123,#1124);
#902=AXIS2_PLACEMENT_3D('',#2003,#1125,#1126);
#903=AXIS2_PLACEMENT_3D('',#2004,#1127,#1128);
#904=AXIS2_PLACEMENT_3D('',#2005,#1129,#1130);
#905=AXIS2_PLACEMENT_3D('',#2006,#1131,#1132);
#906=AXIS2_PLACEMENT_3D('',#2007,#1133,#1134);
#907=AXIS2_PLACEMENT_3D('',#2008,#1135,#1136);
#908=AXIS2_PLACEMENT_3D('',#2010,#1137,#1138);
#909=AXIS2_PLACEMENT_3D('',#2013,#1140,#1141);
#910=AXIS2_PLACEMENT_3D('',#2014,#1142,#1143);
#911=AXIS2_PLACEMENT_3D('',#2015,#1144,#1145);
#912=AXIS2_PLACEMENT_3D('',#2016,#1146,#1147);
#913=AXIS2_PLACEMENT_3D('',#2017,#1148,#1149);
#914=AXIS2_PLACEMENT_3D('',#2054,#1151,#1152);
#915=AXIS2_PLACEMENT_3D('',#2056,#1153,#1154);
#916=AXIS2_PLACEMENT_3D('',#2059,#1156,#1157);
#917=AXIS2_PLACEMENT_3D('',#2061,#1158,#1159);
#918=AXIS2_PLACEMENT_3D('',#2096,#1160,#1161);
#919=AXIS2_PLACEMENT_3D('',#2097,#1162,#1163);
#920=AXIS2_PLACEMENT_3D('',#2099,#1165,#1166);
#921=AXIS2_PLACEMENT_3D('',#2100,#1167,#1168);
#922=AXIS2_PLACEMENT_3D('',#2101,#1169,#1170);
#923=AXIS2_PLACEMENT_3D('',#2102,#1171,#1172);
#924=AXIS2_PLACEMENT_3D('',#2103,#1173,#1174);
#925=DIRECTION('axis',(0.,0.,1.));
#926=DIRECTION('refdir',(1.,0.,0.));
#927=DIRECTION('axis',(0.,0.,1.));
#928=DIRECTION('refdir',(1.,0.,0.));
#929=DIRECTION('center_axis',(0.,1.,0.));
#930=DIRECTION('ref_axis',(-0.205616212058107,0.,-0.978632706043935));
#931=DIRECTION('center_axis',(0.,-1.,0.));
#932=DIRECTION('ref_axis',(-0.77011408628103,0.,-0.637906179709473));
#933=DIRECTION('',(0.,-1.,0.));
#934=DIRECTION('center_axis',(0.,-1.,0.));
#935=DIRECTION('ref_axis',(-0.205616212058107,0.,-0.978632706043935));
#936=DIRECTION('',(0.,1.,0.));
#937=DIRECTION('center_axis',(0.,1.,0.));
#938=DIRECTION('ref_axis',(-0.16738591371897,0.,-0.985891452386349));
#939=DIRECTION('center_axis',(0.,-1.,0.));
#940=DIRECTION('ref_axis',(-0.744712678379303,0.,-0.667385216094217));
#941=DIRECTION('center_axis',(0.,-1.,0.));
#942=DIRECTION('ref_axis',(-0.744712678379303,0.,-0.667385216094217));
#943=DIRECTION('',(0.,1.,0.));
#944=DIRECTION('',(0.,-1.,0.));
#945=DIRECTION('center_axis',(0.,-1.,0.));
#946=DIRECTION('ref_axis',(0.866025403784438,0.,0.5));
#947=DIRECTION('center_axis',(-1.,0.,1.22464679914735E-16));
#948=DIRECTION('ref_axis',(-1.22464679914735E-16,0.,-1.));
#949=DIRECTION('center_axis',(0.,1.,0.));
#950=DIRECTION('ref_axis',(0.866025403784438,0.,0.500000000000001));
#951=DIRECTION('center_axis',(0.,1.,0.));
#952=DIRECTION('ref_axis',(0.866025403784438,0.,0.500000000000001));
#953=DIRECTION('center_axis',(0.,1.,0.));
#954=DIRECTION('ref_axis',(0.866025403784438,0.,0.500000000000001));
#955=DIRECTION('center_axis',(0.,1.,0.));
#956=DIRECTION('ref_axis',(0.866025403784438,0.,0.500000000000001));
#957=DIRECTION('center_axis',(0.,1.,0.));
#958=DIRECTION('ref_axis',(0.866025403784438,0.,0.500000000000001));
#959=DIRECTION('center_axis',(0.,1.,0.));
#960=DIRECTION('ref_axis',(0.866025403784438,0.,0.500000000000001));
#961=DIRECTION('center_axis',(0.,1.,0.));
#962=DIRECTION('ref_axis',(0.866025403784438,0.,0.500000000000001));
#963=DIRECTION('center_axis',(0.,1.,0.));
#964=DIRECTION('ref_axis',(1.,0.,0.));
#965=DIRECTION('center_axis',(0.,1.,0.));
#966=DIRECTION('ref_axis',(1.,0.,0.));
#967=DIRECTION('',(0.,1.,0.));
#968=DIRECTION('center_axis',(0.,1.,0.));
#969=DIRECTION('ref_axis',(1.,0.,0.));
#970=DIRECTION('',(0.,-1.,0.));
#971=DIRECTION('',(0.,1.,0.));
#972=DIRECTION('center_axis',(0.,-1.,0.));
#973=DIRECTION('ref_axis',(1.,0.,0.));
#974=DIRECTION('',(0.,-1.,0.));
#975=DIRECTION('',(0.,1.,0.));
#976=DIRECTION('center_axis',(0.,1.,0.));
#977=DIRECTION('ref_axis',(1.,0.,0.));
#978=DIRECTION('',(0.,-1.,0.));
#979=DIRECTION('',(0.,1.,0.));
#980=DIRECTION('center_axis',(0.,1.,0.));
#981=DIRECTION('ref_axis',(1.,0.,0.));
#982=DIRECTION('',(0.,-1.,0.));
#983=DIRECTION('',(0.,1.,0.));
#984=DIRECTION('center_axis',(0.,1.,0.));
#985=DIRECTION('ref_axis',(1.,0.,0.));
#986=DIRECTION('',(0.,-1.,0.));
#987=DIRECTION('center_axis',(0.,-1.,0.));
#988=DIRECTION('ref_axis',(6.12323399573677E-17,0.,-1.));
#989=DIRECTION('center_axis',(0.,-1.,0.));
#990=DIRECTION('ref_axis',(6.12323399573677E-17,0.,-1.));
#991=DIRECTION('center_axis',(0.,1.,0.));
#992=DIRECTION('ref_axis',(1.,0.,0.));
#993=DIRECTION('',(0.,-1.,0.));
#994=DIRECTION('center_axis',(0.,1.,0.));
#995=DIRECTION('ref_axis',(-0.95032889043741,0.,-0.311247489949719));
#996=DIRECTION('center_axis',(0.,-1.,0.));
#997=DIRECTION('ref_axis',(-0.9375,0.,0.347985272676876));
#998=DIRECTION('',(0.,-1.,0.));
#999=DIRECTION('center_axis',(0.,-1.,0.));
#1000=DIRECTION('ref_axis',(-0.95032889043741,0.,-0.311247489949719));
#1001=DIRECTION('center_axis',(0.,1.,0.));
#1002=DIRECTION('ref_axis',(-0.9375,0.,-0.347985272676877));
#1003=DIRECTION('center_axis',(0.,-1.,0.));
#1004=DIRECTION('ref_axis',(-0.950328890437411,0.,0.311247489949718));
#1005=DIRECTION('center_axis',(0.,-1.,0.));
#1006=DIRECTION('ref_axis',(-0.950328890437411,0.,0.311247489949718));
#1007=DIRECTION('',(0.,1.,0.));
#1008=DIRECTION('center_axis',(0.,1.,0.));
#1009=DIRECTION('ref_axis',(-0.744712678379303,0.,0.667385216094217));
#1010=DIRECTION('center_axis',(0.,-1.,0.));
#1011=DIRECTION('ref_axis',(-0.167385913718971,0.,0.985891452386349));
#1012=DIRECTION('',(0.,-1.,0.));
#1013=DIRECTION('center_axis',(0.,-1.,0.));
#1014=DIRECTION('ref_axis',(-0.744712678379303,0.,0.667385216094217));
#1015=DIRECTION('center_axis',(8.14832720993256E-15,1.,-4.08624765822514E-15));
#1016=DIRECTION('ref_axis',(-0.77011408628103,8.88178419700125E-15,0.637906179709472));
#1017=DIRECTION('center_axis',(0.,-1.,0.));
#1018=DIRECTION('ref_axis',(-0.205616212058107,0.,0.978632706043935));
#1019=DIRECTION('center_axis',(0.,-1.,0.));
#1020=DIRECTION('ref_axis',(-0.205616212058107,0.,0.978632706043935));
#1021=DIRECTION('',(0.,1.,0.));
#1022=DIRECTION('center_axis',(0.,1.,0.));
#1023=DIRECTION('ref_axis',(0.744712678379303,0.,-0.667385216094217));
#1024=DIRECTION('center_axis',(0.,-1.,0.));
#1025=DIRECTION('ref_axis',(0.16738591371897,0.,-0.985891452386349));
#1026=DIRECTION('',(0.,-1.,0.));
#1027=DIRECTION('center_axis',(0.,-1.,0.));
#1028=DIRECTION('ref_axis',(0.744712678379303,0.,-0.667385216094217));
#1029=DIRECTION('center_axis',(0.,1.,0.));
#1030=DIRECTION('ref_axis',(0.77011408628103,0.,-0.637906179709473));
#1031=DIRECTION('center_axis',(0.,-1.,0.));
#1032=DIRECTION('ref_axis',(0.205616212058107,0.,-0.978632706043935));
#1033=DIRECTION('center_axis',(0.,-1.,0.));
#1034=DIRECTION('ref_axis',(0.205616212058107,0.,-0.978632706043935));
#1035=DIRECTION('',(0.,1.,0.));
#1036=DIRECTION('center_axis',(0.,1.,0.));
#1037=DIRECTION('ref_axis',(0.950328890437411,0.,-0.311247489949718));
#1038=DIRECTION('center_axis',(0.,-1.,0.));
#1039=DIRECTION('ref_axis',(0.55,0.,-0.835164654424503));
#1040=DIRECTION('center_axis',(0.,-1.,0.));
#1041=DIRECTION('ref_axis',(0.950328890437411,0.,-0.311247489949718));
#1042=DIRECTION('',(0.,1.,0.));
#1043=DIRECTION('center_axis',(0.,1.,0.));
#1044=DIRECTION('ref_axis',(0.550000000000001,0.,0.835164654424503));
#1045=DIRECTION('center_axis',(0.,-1.,0.));
#1046=DIRECTION('ref_axis',(0.950328890437411,0.,0.311247489949718));
#1047=DIRECTION('center_axis',(0.,-1.,0.));
#1048=DIRECTION('ref_axis',(0.950328890437411,0.,0.311247489949718));
#1049=DIRECTION('',(0.,-1.,0.));
#1050=DIRECTION('center_axis',(0.,-1.,0.));
#1051=DIRECTION('ref_axis',(-1.,0.,0.));
#1052=DIRECTION('center_axis',(0.,-1.,0.));
#1053=DIRECTION('ref_axis',(-1.,0.,0.));
#1054=DIRECTION('center_axis',(0.,1.,0.));
#1055=DIRECTION('ref_axis',(0.205616212058107,0.,0.978632706043935));
#1056=DIRECTION('center_axis',(0.,-1.,0.));
#1057=DIRECTION('ref_axis',(0.770114086281029,0.,0.637906179709474));
#1058=DIRECTION('',(0.,-1.,0.));
#1059=DIRECTION('center_axis',(0.,-1.,0.));
#1060=DIRECTION('ref_axis',(0.205616212058107,0.,0.978632706043935));
#1061=DIRECTION('center_axis',(0.,1.,0.));
#1062=DIRECTION('ref_axis',(0.167385913718969,0.,0.98589145238635));
#1063=DIRECTION('center_axis',(0.,-1.,0.));
#1064=DIRECTION('ref_axis',(0.744712678379302,0.,0.667385216094218));
#1065=DIRECTION('center_axis',(0.,-1.,0.));
#1066=DIRECTION('ref_axis',(0.744712678379302,0.,0.667385216094218));
#1067=DIRECTION('',(0.,1.,0.));
#1068=DIRECTION('center_axis',(0.,-1.,0.));
#1069=DIRECTION('ref_axis',(-0.5,0.,0.866025403784439));
#1070=DIRECTION('center_axis',(0.,-1.,0.));
#1071=DIRECTION('ref_axis',(-0.5,0.,0.866025403784439));
#1072=DIRECTION('center_axis',(0.,-1.,0.));
#1073=DIRECTION('ref_axis',(-0.499999999999999,0.,-0.866025403784439));
#1074=DIRECTION('center_axis',(0.,-1.,0.));
#1075=DIRECTION('ref_axis',(-0.499999999999999,0.,-0.866025403784439));
#1076=DIRECTION('center_axis',(0.,1.,0.));
#1077=DIRECTION('ref_axis',(1.,0.,0.));
#1078=DIRECTION('center_axis',(0.000811828910622297,0.,0.999999670466856));
#1079=DIRECTION('ref_axis',(-0.999692834813638,0.0247704937472025,0.000811579812486119));
#1080=DIRECTION('center_axis',(0.,1.,0.));
#1081=DIRECTION('ref_axis',(1.,0.,0.));
#1082=DIRECTION('center_axis',(0.,1.,0.));
#1083=DIRECTION('ref_axis',(1.,0.,0.));
#1084=DIRECTION('center_axis',(0.,1.,0.));
#1085=DIRECTION('ref_axis',(0.,0.,1.));
#1086=DIRECTION('center_axis',(-1.,0.,1.22464679914735E-16));
#1087=DIRECTION('ref_axis',(-1.22464679914735E-16,0.,-1.));
#1088=DIRECTION('center_axis',(0.,1.,0.));
#1089=DIRECTION('ref_axis',(6.12323399573677E-17,0.,-1.));
#1090=DIRECTION('center_axis',(0.,-1.,0.));
#1091=DIRECTION('ref_axis',(0.,0.,-1.));
#1092=DIRECTION('center_axis',(-1.,0.,-1.22464679914735E-16));
#1093=DIRECTION('ref_axis',(-1.22464679914735E-16,0.,1.));
#1094=DIRECTION('center_axis',(0.,-1.,0.));
#1095=DIRECTION('ref_axis',(-1.83697019872103E-16,0.,-1.));
#1096=DIRECTION('center_axis',(0.,-1.,0.));
#1097=DIRECTION('ref_axis',(-1.83697019872103E-16,0.,-1.));
#1098=DIRECTION('center_axis',(0.,1.,0.));
#1099=DIRECTION('ref_axis',(1.,0.,0.));
#1100=DIRECTION('',(0.,1.,0.));
#1101=DIRECTION('center_axis',(0.,1.,0.));
#1102=DIRECTION('ref_axis',(1.,0.,0.));
#1103=DIRECTION('center_axis',(0.,1.,0.));
#1104=DIRECTION('ref_axis',(1.,0.,0.));
#1105=DIRECTION('center_axis',(0.,1.,0.));
#1106=DIRECTION('ref_axis',(0.,0.,1.));
#1107=DIRECTION('center_axis',(1.,0.,-1.22464679914735E-16));
#1108=DIRECTION('ref_axis',(-1.22464679914735E-16,0.,-1.));
#1109=DIRECTION('center_axis',(0.,1.,0.));
#1110=DIRECTION('ref_axis',(-0.499999999999999,0.,-0.866025403784439));
#1111=DIRECTION('center_axis',(0.,-1.,0.));
#1112=DIRECTION('ref_axis',(0.5,0.,-0.866025403784438));
#1113=DIRECTION('center_axis',(0.,-1.,0.));
#1114=DIRECTION('ref_axis',(0.5,0.,-0.866025403784438));
#1115=DIRECTION('center_axis',(0.,1.,0.));
#1116=DIRECTION('ref_axis',(0.5,0.,-0.866025403784438));
#1117=DIRECTION('center_axis',(0.,-1.,0.));
#1118=DIRECTION('ref_axis',(1.,0.,1.22464679914735E-16));
#1119=DIRECTION('center_axis',(0.,-1.,0.));
#1120=DIRECTION('ref_axis',(1.,0.,1.22464679914735E-16));
#1121=DIRECTION('center_axis',(0.,1.,0.));
#1122=DIRECTION('ref_axis',(1.,0.,1.22464679914735E-16));
#1123=DIRECTION('center_axis',(0.,-1.,0.));
#1124=DIRECTION('ref_axis',(0.5,0.,0.866025403784439));
#1125=DIRECTION('center_axis',(0.,-1.,0.));
#1126=DIRECTION('ref_axis',(0.5,0.,0.866025403784439));
#1127=DIRECTION('center_axis',(0.,1.,0.));
#1128=DIRECTION('ref_axis',(0.5,0.,0.866025403784439));
#1129=DIRECTION('center_axis',(0.,1.,0.));
#1130=DIRECTION('ref_axis',(-0.5,0.,0.866025403784439));
#1131=DIRECTION('center_axis',(0.,1.,0.));
#1132=DIRECTION('ref_axis',(-1.,0.,0.));
#1133=DIRECTION('axis',(0.,0.,1.));
#1134=DIRECTION('refdir',(1.,0.,0.));
#1135=DIRECTION('center_axis',(0.,-1.,0.));
#1136=DIRECTION('ref_axis',(1.,0.,0.));
#1137=DIRECTION('center_axis',(0.,-1.,0.));
#1138=DIRECTION('ref_axis',(1.,0.,0.));
#1139=DIRECTION('',(0.,1.,0.));
#1140=DIRECTION('center_axis',(0.,-1.,0.));
#1141=DIRECTION('ref_axis',(1.,0.,0.));
#1142=DIRECTION('center_axis',(0.,-1.,0.));
#1143=DIRECTION('ref_axis',(1.,0.,0.));
#1144=DIRECTION('center_axis',(0.,-1.,0.));
#1145=DIRECTION('ref_axis',(1.,0.,0.));
#1146=DIRECTION('axis',(0.,0.,1.));
#1147=DIRECTION('refdir',(1.,0.,0.));
#1148=DIRECTION('center_axis',(-1.,0.,0.));
#1149=DIRECTION('ref_axis',(0.,0.0550500869621043,0.998483594219487));
#1150=DIRECTION('',(1.,0.,0.));
#1151=DIRECTION('center_axis',(0.,-1.,0.));
#1152=DIRECTION('ref_axis',(1.,0.,0.));
#1153=DIRECTION('center_axis',(0.,-1.,0.));
#1154=DIRECTION('ref_axis',(1.,0.,0.));
#1155=DIRECTION('',(0.,1.,0.));
#1156=DIRECTION('center_axis',(0.,-1.,0.));
#1157=DIRECTION('ref_axis',(1.,0.,0.));
#1158=DIRECTION('center_axis',(0.,-1.,0.));
#1159=DIRECTION('ref_axis',(1.,0.,0.));
#1160=DIRECTION('center_axis',(0.,-1.,0.));
#1161=DIRECTION('ref_axis',(1.,0.,0.));
#1162=DIRECTION('center_axis',(1.,0.,0.));
#1163=DIRECTION('ref_axis',(0.,0.0550500869621043,-0.998483594219487));
#1164=DIRECTION('',(-1.,0.,0.));
#1165=DIRECTION('center_axis',(0.,-1.,0.));
#1166=DIRECTION('ref_axis',(1.,0.,0.));
#1167=DIRECTION('center_axis',(0.,-1.,0.));
#1168=DIRECTION('ref_axis',(1.,0.,0.));
#1169=DIRECTION('',(0.,0.,1.));
#1170=DIRECTION('',(1.,0.,0.));
#1171=DIRECTION('',(0.,0.,1.));
#1172=DIRECTION('',(1.,0.,0.));
#1173=DIRECTION('',(0.,0.,1.));
#1174=DIRECTION('',(1.,0.,0.));
#1175=CARTESIAN_POINT('',(0.,0.,0.));
#1176=CARTESIAN_POINT('',(0.,0.,0.));
#1177=CARTESIAN_POINT('Origin',(-9.24136903537236,100.,-7.65487415651368));
#1178=CARTESIAN_POINT('',(-10.7815972079344,90.,-8.93068651593263));
#1179=CARTESIAN_POINT('',(-8.34482142122342,90.,-9.44266675510107));
#1180=CARTESIAN_POINT('Origin',(-9.24136903537236,90.,-7.65487415651368));
#1181=CARTESIAN_POINT('',(-8.34482142122342,25.,-9.44266675510107));
#1182=CARTESIAN_POINT('',(-8.34482142122342,100.,-9.44266675510107));
#1183=CARTESIAN_POINT('',(-10.7815972079344,25.,-8.93068651593263));
#1184=CARTESIAN_POINT('Origin',(-9.24136903537236,25.,-7.65487415651368));
#1185=CARTESIAN_POINT('',(-10.7815972079344,100.,-8.93068651593263));
#1186=CARTESIAN_POINT('Ctrl Pts',(-4.00517857877658,90.,-11.9481607183746));
#1187=CARTESIAN_POINT('Ctrl Pts',(-4.00517857877658,90.839909439231,-11.9481607183746));
#1188=CARTESIAN_POINT('Ctrl Pts',(-4.00785962089108,92.5189794364195,-11.7863741113192));
#1189=CARTESIAN_POINT('Ctrl Pts',(-4.11870046411244,94.3966478471422,-11.1778186508879));
#1190=CARTESIAN_POINT('Ctrl Pts',(-4.45128457727768,95.5393068580292,-10.5004917144767));
#1191=CARTESIAN_POINT('Ctrl Pts',(-4.87941707704279,96.1108686284567,-9.96171945704081));
#1192=CARTESIAN_POINT('Ctrl Pts',(-5.48133601235248,96.3104064954549,-9.49893054266508));
#1193=CARTESIAN_POINT('Ctrl Pts',(-6.42560473489631,96.045678434607,-9.106863467878));
#1194=CARTESIAN_POINT('Ctrl Pts',(-7.51225613995399,94.7740682829702,-9.11131420554601));
#1195=CARTESIAN_POINT('Ctrl Pts',(-8.19961039309367,92.5174946562812,-9.36602247137759));
#1196=CARTESIAN_POINT('Ctrl Pts',(-8.34482142122341,90.839909439231,-9.44266675510107));
#1197=CARTESIAN_POINT('Ctrl Pts',(-8.34482142122341,90.,-9.44266675510107));
#1198=CARTESIAN_POINT('Ctrl Pts',(-3.97511125907343,90.,-12.4592211147834));
#1199=CARTESIAN_POINT('Ctrl Pts',(-3.97511125907343,90.8952001846799,-12.4592211147834));
#1200=CARTESIAN_POINT('Ctrl Pts',(-3.94965681106889,92.6838949949135,-12.2584371285834));
#1201=CARTESIAN_POINT('Ctrl Pts',(-3.99754870317167,94.658256803535,-11.5055130046615));
#1202=CARTESIAN_POINT('Ctrl Pts',(-4.32851945784033,95.8508133337208,-10.6781091431686));
#1203=CARTESIAN_POINT('Ctrl Pts',(-4.79541596642831,96.4463969813794,-10.030771486069));
#1204=CARTESIAN_POINT('Ctrl Pts',(-5.47590111549325,96.6546019587922,-9.49065964231474));
#1205=CARTESIAN_POINT('Ctrl Pts',(-6.56331825939378,96.3782205180745,-9.05833155030558));
#1206=CARTESIAN_POINT('Ctrl Pts',(-7.83955725216974,95.0547623168256,-9.1434836956457));
#1207=CARTESIAN_POINT('Ctrl Pts',(-8.63682600305966,92.6825765386204,-9.55223253488048));
#1208=CARTESIAN_POINT('Ctrl Pts',(-8.80244636723318,90.8952001846799,-9.67215789061884));
#1209=CARTESIAN_POINT('Ctrl Pts',(-8.80244636723318,90.,-9.67215789061884));
#1210=CARTESIAN_POINT('Ctrl Pts',(-3.56170193269252,90.,-13.3270414578239));
#1211=CARTESIAN_POINT('Ctrl Pts',(-3.56170193269252,90.9909983997912,-13.3270414578239));
#1212=CARTESIAN_POINT('Ctrl Pts',(-3.51740844806551,92.9702360256933,-13.0387750285672));
#1213=CARTESIAN_POINT('Ctrl Pts',(-3.55494747420514,95.1143206849477,-11.9950186528388));
#1214=CARTESIAN_POINT('Ctrl Pts',(-3.957889306632,96.3948975355272,-10.8863093470587));
#1215=CARTESIAN_POINT('Ctrl Pts',(-4.53712696248973,97.0328036411861,-10.0359567721506));
#1216=CARTESIAN_POINT('Ctrl Pts',(-5.39005815618908,97.2562431662056,-9.3432392592594));
#1217=CARTESIAN_POINT('Ctrl Pts',(-6.77108265764457,96.9593985037328,-8.81178371120042));
#1218=CARTESIAN_POINT('Ctrl Pts',(-8.43734078917798,95.544331946193,-8.97351981925171));
#1219=CARTESIAN_POINT('Ctrl Pts',(-9.52780557631592,92.9691657272043,-9.56869303649443));
#1220=CARTESIAN_POINT('Ctrl Pts',(-9.7607054934176,90.9909983997914,-9.74804508333179));
#1221=CARTESIAN_POINT('Ctrl Pts',(-9.7607054934176,90.,-9.74804508333179));
#1222=CARTESIAN_POINT('Ctrl Pts',(-2.72194378420271,90.,-13.7382111588506));
#1223=CARTESIAN_POINT('Ctrl Pts',(-2.72194378420271,91.0406683117542,-13.7382111588506));
#1224=CARTESIAN_POINT('Ctrl Pts',(-2.70852377268387,93.1201648266835,-13.4067246247184));
#1225=CARTESIAN_POINT('Ctrl Pts',(-2.85746185459193,95.4122408134644,-12.1845596188696));
#1226=CARTESIAN_POINT('Ctrl Pts',(-3.40874851460358,96.7944541076401,-10.861955731544));
#1227=CARTESIAN_POINT('Ctrl Pts',(-4.13941799940494,97.4843787308197,-9.83629849272434));
#1228=CARTESIAN_POINT('Ctrl Pts',(-5.18673953929312,97.7255816068695,-8.99211870037062));
#1229=CARTESIAN_POINT('Ctrl Pts',(-6.87421134968209,97.4053684131957,-8.33619318842325));
#1230=CARTESIAN_POINT('Ctrl Pts',(-8.91055087495852,95.8725018266936,-8.46638624986668));
#1231=CARTESIAN_POINT('Ctrl Pts',(-10.2497605627051,93.1186737701873,-9.05196543486578));
#1232=CARTESIAN_POINT('Ctrl Pts',(-10.5366679740181,91.0406683117546,-9.226378044218));
#1233=CARTESIAN_POINT('Ctrl Pts',(-10.5366679740181,90.,-9.226378044218));
#1234=CARTESIAN_POINT('Ctrl Pts',(-2.34340279206558,90.,-13.8024803334089));
#1235=CARTESIAN_POINT('Ctrl Pts',(-2.34340279206558,91.0498867990385,-13.8024803334089));
#1236=CARTESIAN_POINT('Ctrl Pts',(-2.34500602621102,93.1487242955245,-13.4661468738877));
#1237=CARTESIAN_POINT('Ctrl Pts',(-2.5452341590737,95.4958098089277,-12.2034626130564));
#1238=CARTESIAN_POINT('Ctrl Pts',(-3.16131006464299,96.9241335725365,-10.8109172057386));
#1239=CARTESIAN_POINT('Ctrl Pts',(-3.956514982241,97.6385857855709,-9.72056741462489));
#1240=CARTESIAN_POINT('Ctrl Pts',(-5.08467739080801,97.8880081193187,-8.8158914262603));
#1241=CARTESIAN_POINT('Ctrl Pts',(-6.89680108689345,97.5570980432587,-8.10650668410188));
#1242=CARTESIAN_POINT('Ctrl Pts',(-9.07229384240957,95.9675853537128,-8.21075921572254));
#1243=CARTESIAN_POINT('Ctrl Pts',(-10.4824013153941,93.1468683203513,-8.76675886200526));
#1244=CARTESIAN_POINT('Ctrl Pts',(-10.7815972079344,91.0498867990388,-8.93068651593263));
#1245=CARTESIAN_POINT('Ctrl Pts',(-10.7815972079344,90.,-8.93068651593263));
#1246=CARTESIAN_POINT('',(-2.34340279206558,90.,-13.8024803334089));
#1247=CARTESIAN_POINT('Ctrl Pts',(-10.7815972079344,90.,-8.93068651593263));
#1248=CARTESIAN_POINT('Ctrl Pts',(-10.7815972079344,91.0498867990388,-8.93068651593263));
#1249=CARTESIAN_POINT('Ctrl Pts',(-10.4824013153941,93.1468683203513,-8.76675886200526));
#1250=CARTESIAN_POINT('Ctrl Pts',(-9.07229384240957,95.9675853537128,-8.21075921572254));
#1251=CARTESIAN_POINT('Ctrl Pts',(-6.89680108689345,97.5570980432587,-8.10650668410188));
#1252=CARTESIAN_POINT('Ctrl Pts',(-5.08467739080801,97.8880081193187,-8.8158914262603));
#1253=CARTESIAN_POINT('Ctrl Pts',(-3.956514982241,97.6385857855709,-9.72056741462489));
#1254=CARTESIAN_POINT('Ctrl Pts',(-3.16131006464299,96.9241335725365,-10.8109172057386));
#1255=CARTESIAN_POINT('Ctrl Pts',(-2.5452341590737,95.4958098089277,-12.2034626130564));
#1256=CARTESIAN_POINT('Ctrl Pts',(-2.34500602621102,93.1487242955245,-13.4661468738877));
#1257=CARTESIAN_POINT('Ctrl Pts',(-2.34340279206558,91.0498867990385,-13.8024803334089));
#1258=CARTESIAN_POINT('Ctrl Pts',(-2.34340279206558,90.,-13.8024803334089));
#1259=CARTESIAN_POINT('',(-4.00517857877658,90.,-11.9481607183746));
#1260=CARTESIAN_POINT('Origin',(-2.00863096462764,90.,-11.8306974286362));
#1261=CARTESIAN_POINT('Ctrl Pts',(-4.00517857877658,90.,-11.9481607183746));
#1262=CARTESIAN_POINT('Ctrl Pts',(-4.00517857877658,90.839909439231,-11.9481607183746));
#1263=CARTESIAN_POINT('Ctrl Pts',(-4.00785962089108,92.5189794364195,-11.7863741113192));
#1264=CARTESIAN_POINT('Ctrl Pts',(-4.11870046411244,94.3966478471422,-11.1778186508879));
#1265=CARTESIAN_POINT('Ctrl Pts',(-4.45128457727768,95.5393068580292,-10.5004917144767));
#1266=CARTESIAN_POINT('Ctrl Pts',(-4.87941707704279,96.1108686284567,-9.96171945704081));
#1267=CARTESIAN_POINT('Ctrl Pts',(-5.48133601235248,96.3104064954549,-9.49893054266508));
#1268=CARTESIAN_POINT('Ctrl Pts',(-6.42560473489631,96.045678434607,-9.106863467878));
#1269=CARTESIAN_POINT('Ctrl Pts',(-7.51225613995399,94.7740682829702,-9.11131420554601));
#1270=CARTESIAN_POINT('Ctrl Pts',(-8.19961039309367,92.5174946562812,-9.36602247137759));
#1271=CARTESIAN_POINT('Ctrl Pts',(-8.34482142122341,90.839909439231,-9.44266675510107));
#1272=CARTESIAN_POINT('Ctrl Pts',(-8.34482142122341,90.,-9.44266675510107));
#1273=CARTESIAN_POINT('Origin',(-2.00863096462764,100.,-11.8306974286362));
#1274=CARTESIAN_POINT('',(-2.34340279206558,25.,-13.8024803334089));
#1275=CARTESIAN_POINT('',(-4.00517857877658,25.,-11.9481607183746));
#1276=CARTESIAN_POINT('Origin',(-2.00863096462764,25.,-11.8306974286362));
#1277=CARTESIAN_POINT('',(-4.00517857877658,100.,-11.9481607183746));
#1278=CARTESIAN_POINT('',(-2.34340279206558,100.,-13.8024803334089));
#1279=CARTESIAN_POINT('Ctrl Pts',(0.,90.,-14.));
#1280=CARTESIAN_POINT('Ctrl Pts',(-14.,90.,-14.));
#1281=CARTESIAN_POINT('Ctrl Pts',(-14.,90.,0.));
#1282=CARTESIAN_POINT('Ctrl Pts',(-14.,90.,14.));
#1283=CARTESIAN_POINT('Ctrl Pts',(0.,90.,14.));
#1284=CARTESIAN_POINT('Ctrl Pts',(14.,90.,14.));
#1285=CARTESIAN_POINT('Ctrl Pts',(14.,90.,0.));
#1286=CARTESIAN_POINT('Ctrl Pts',(14.,90.,-14.));
#1287=CARTESIAN_POINT('Ctrl Pts',(0.,90.,-14.));
#1288=CARTESIAN_POINT('Ctrl Pts',(0.,100.,-14.));
#1289=CARTESIAN_POINT('Ctrl Pts',(-14.,100.,-14.));
#1290=CARTESIAN_POINT('Ctrl Pts',(-14.,100.,0.));
#1291=CARTESIAN_POINT('Ctrl Pts',(-14.,100.,14.));
#1292=CARTESIAN_POINT('Ctrl Pts',(0.,100.,14.));
#1293=CARTESIAN_POINT('Ctrl Pts',(14.,100.,14.));
#1294=CARTESIAN_POINT('Ctrl Pts',(14.,100.,0.));
#1295=CARTESIAN_POINT('Ctrl Pts',(14.,100.,-14.));
#1296=CARTESIAN_POINT('Ctrl Pts',(0.,100.,-14.));
#1297=CARTESIAN_POINT('Ctrl Pts',(0.,100.,-4.));
#1298=CARTESIAN_POINT('Ctrl Pts',(-4.,100.,-4.));
#1299=CARTESIAN_POINT('Ctrl Pts',(-4.,100.,0.));
#1300=CARTESIAN_POINT('Ctrl Pts',(-4.,100.,4.));
#1301=CARTESIAN_POINT('Ctrl Pts',(0.,100.,4.));
#1302=CARTESIAN_POINT('Ctrl Pts',(4.,100.,4.));
#1303=CARTESIAN_POINT('Ctrl Pts',(4.,100.,0.));
#1304=CARTESIAN_POINT('Ctrl Pts',(4.,100.,-4.));
#1305=CARTESIAN_POINT('Ctrl Pts',(0.,100.,-4.));
#1306=CARTESIAN_POINT('',(-4.89858719658942E-16,100.,-4.));
#1307=CARTESIAN_POINT('Origin',(0.,100.,0.));
#1308=CARTESIAN_POINT('',(-1.71450551880629E-15,90.,-14.));
#1309=CARTESIAN_POINT('Origin',(-4.89858719658942E-16,90.,-4.));
#1310=CARTESIAN_POINT('Origin',(0.,90.,0.));
#1311=CARTESIAN_POINT('',(-13.125,90.,-4.87179381747627));
#1312=CARTESIAN_POINT('Origin',(0.,90.,0.));
#1313=CARTESIAN_POINT('',(-13.125,90.,4.87179381747627));
#1314=CARTESIAN_POINT('Ctrl Pts',(-13.125,90.,4.87179381747627));
#1315=CARTESIAN_POINT('Ctrl Pts',(-13.125,91.0498848392282,4.87179381747627));
#1316=CARTESIAN_POINT('Ctrl Pts',(-12.8332409841879,93.1470121337199,4.69466580076879));
#1317=CARTESIAN_POINT('Ctrl Pts',(-11.6466049907146,95.9677577760576,3.75148969189492));
#1318=CARTESIAN_POINT('Ctrl Pts',(-10.4682032128565,97.5575509496041,1.9196953070513));
#1319=CARTESIAN_POINT('Ctrl Pts',(-10.1764375350367,97.8885123872182,-0.00446269532081225));
#1320=CARTESIAN_POINT('Ctrl Pts',(-10.3954845374828,97.6393022758054,-1.43391919476314));
#1321=CARTESIAN_POINT('Ctrl Pts',(-10.9421744960385,96.9248308618345,-2.66766732052646));
#1322=CARTESIAN_POINT('Ctrl Pts',(-11.8389592438001,95.4973459264794,-3.89744653748385));
#1323=CARTESIAN_POINT('Ctrl Pts',(-12.8383363394721,93.1460421399717,-4.70243592217684));
#1324=CARTESIAN_POINT('Ctrl Pts',(-13.125,91.0498848392286,-4.87179381747627));
#1325=CARTESIAN_POINT('Ctrl Pts',(-13.125,90.,-4.87179381747627));
#1326=CARTESIAN_POINT('',(-10.7815972079344,90.,8.93068651593262));
#1327=CARTESIAN_POINT('Origin',(0.,90.,0.));
#1328=CARTESIAN_POINT('',(-2.34340279206559,90.,13.8024803334089));
#1329=CARTESIAN_POINT('Ctrl Pts',(-2.34340279206559,90.,13.8024803334089));
#1330=CARTESIAN_POINT('Ctrl Pts',(-2.34340279206559,91.0498867990393,13.8024803334089));
#1331=CARTESIAN_POINT('Ctrl Pts',(-2.3509332656968,93.1470066794507,13.4612361445673));
#1332=CARTESIAN_POINT('Ctrl Pts',(-2.57442576159522,95.9677888025417,11.961970455997));
#1333=CARTESIAN_POINT('Ctrl Pts',(-3.57169369643257,97.5575689947555,10.0254822244633));
#1334=CARTESIAN_POINT('Ctrl Pts',(-5.09208730571004,97.8884850755419,8.8108288801442));
#1335=CARTESIAN_POINT('Ctrl Pts',(-6.4394567066001,97.6393347302165,8.28580499635154));
#1336=CARTESIAN_POINT('Ctrl Pts',(-7.78129444303728,96.9248739319124,8.14235397889908));
#1337=CARTESIAN_POINT('Ctrl Pts',(-9.29483241658261,95.4973086887287,8.30410252555291));
#1338=CARTESIAN_POINT('Ctrl Pts',(-10.4915704571647,93.146070285207,8.76709745054103));
#1339=CARTESIAN_POINT('Ctrl Pts',(-10.7815972079344,91.0498867990391,8.93068651593262));
#1340=CARTESIAN_POINT('Ctrl Pts',(-10.7815972079344,90.,8.93068651593262));
#1341=CARTESIAN_POINT('',(2.34340279206557,90.,13.8024803334089));
#1342=CARTESIAN_POINT('Origin',(0.,90.,0.));
#1343=CARTESIAN_POINT('',(10.7815972079344,90.,8.93068651593263));
#1344=CARTESIAN_POINT('Ctrl Pts',(10.7815972079344,90.,8.93068651593264));
#1345=CARTESIAN_POINT('Ctrl Pts',(10.7815972079344,91.0498867990391,8.93068651593264));
#1346=CARTESIAN_POINT('Ctrl Pts',(10.4824013153941,93.1468683203514,8.76675886200525));
#1347=CARTESIAN_POINT('Ctrl Pts',(9.07229384240957,95.9675853537128,8.21075921572258));
#1348=CARTESIAN_POINT('Ctrl Pts',(6.89680108689348,97.5570980432587,8.10650668410185));
#1349=CARTESIAN_POINT('Ctrl Pts',(5.08467739080803,97.8880081193186,8.8158914262603));
#1350=CARTESIAN_POINT('Ctrl Pts',(3.95651498224102,97.6385857855709,9.72056741462485));
#1351=CARTESIAN_POINT('Ctrl Pts',(3.16131006464299,96.9241335725365,10.8109172057386));
#1352=CARTESIAN_POINT('Ctrl Pts',(2.54523415907369,95.4958098089276,12.2034626130564));
#1353=CARTESIAN_POINT('Ctrl Pts',(2.34500602621101,93.1487242955242,13.4661468738878));
#1354=CARTESIAN_POINT('Ctrl Pts',(2.34340279206557,91.0498867990385,13.8024803334089));
#1355=CARTESIAN_POINT('Ctrl Pts',(2.34340279206557,90.,13.8024803334089));
#1356=CARTESIAN_POINT('',(13.125,90.,4.87179381747627));
#1357=CARTESIAN_POINT('Origin',(0.,90.,0.));
#1358=CARTESIAN_POINT('',(13.125,90.,-4.87179381747627));
#1359=CARTESIAN_POINT('Ctrl Pts',(13.125,90.,-4.87179381747627));
#1360=CARTESIAN_POINT('Ctrl Pts',(13.125,91.0498848392287,-4.87179381747627));
#1361=CARTESIAN_POINT('Ctrl Pts',(12.8383363394721,93.1460421399717,-4.70243592217679));
#1362=CARTESIAN_POINT('Ctrl Pts',(11.8389592438001,95.4973459264793,-3.89744653748387));
#1363=CARTESIAN_POINT('Ctrl Pts',(10.9421744960385,96.9248308618344,-2.66766732052642));
#1364=CARTESIAN_POINT('Ctrl Pts',(10.3954845374828,97.6393022758053,-1.43391919476312));
#1365=CARTESIAN_POINT('Ctrl Pts',(10.1764375350367,97.8885123872181,-0.00446269532080359));
#1366=CARTESIAN_POINT('Ctrl Pts',(10.4682032128565,97.557550949604,1.91969530705132));
#1367=CARTESIAN_POINT('Ctrl Pts',(11.6466049907145,95.9677577760578,3.7514896918948));
#1368=CARTESIAN_POINT('Ctrl Pts',(12.8332409841879,93.1470121337201,4.69466580076879));
#1369=CARTESIAN_POINT('Ctrl Pts',(13.125,91.0498848392284,4.87179381747627));
#1370=CARTESIAN_POINT('Ctrl Pts',(13.125,90.,4.87179381747627));
#1371=CARTESIAN_POINT('',(10.7815972079344,90.,-8.93068651593263));
#1372=CARTESIAN_POINT('Origin',(0.,90.,0.));
#1373=CARTESIAN_POINT('',(2.34340279206559,90.,-13.8024803334089));
#1374=CARTESIAN_POINT('Ctrl Pts',(2.34340279206559,90.,-13.8024803334089));
#1375=CARTESIAN_POINT('Ctrl Pts',(2.34340279206558,91.0498867990385,-13.8024803334089));
#1376=CARTESIAN_POINT('Ctrl Pts',(2.35093326569683,93.1470066794507,-13.4612361445672));
#1377=CARTESIAN_POINT('Ctrl Pts',(2.57442576159527,95.9677888025416,-11.961970455997));
#1378=CARTESIAN_POINT('Ctrl Pts',(3.57169369643264,97.5575689947553,-10.0254822244633));
#1379=CARTESIAN_POINT('Ctrl Pts',(5.09208730571008,97.8884850755418,-8.81082888014424));
#1380=CARTESIAN_POINT('Ctrl Pts',(6.43945670660004,97.6393347302164,-8.2858049963516));
#1381=CARTESIAN_POINT('Ctrl Pts',(7.78129444303727,96.9248739319123,-8.14235397889913));
#1382=CARTESIAN_POINT('Ctrl Pts',(9.29483241658266,95.4973086887284,-8.30410252555296));
#1383=CARTESIAN_POINT('Ctrl Pts',(10.4915704571647,93.1460702852067,-8.76709745054106));
#1384=CARTESIAN_POINT('Ctrl Pts',(10.7815972079344,91.049886799038,-8.93068651593262));
#1385=CARTESIAN_POINT('Ctrl Pts',(10.7815972079344,90.,-8.93068651593262));
#1386=CARTESIAN_POINT('Origin',(0.,90.,0.));
#1387=CARTESIAN_POINT('Origin',(0.,0.,0.));
#1388=CARTESIAN_POINT('Origin',(0.,25.,0.));
#1389=CARTESIAN_POINT('',(2.34340279206559,25.,-13.8024803334089));
#1390=CARTESIAN_POINT('',(2.34340279206559,100.,-13.8024803334089));
#1391=CARTESIAN_POINT('',(10.7815972079344,25.,-8.93068651593262));
#1392=CARTESIAN_POINT('Origin',(0.,25.,0.));
#1393=CARTESIAN_POINT('',(10.7815972079344,100.,-8.93068651593262));
#1394=CARTESIAN_POINT('',(13.125,25.,-4.87179381747627));
#1395=CARTESIAN_POINT('',(13.125,0.,-4.87179381747627));
#1396=CARTESIAN_POINT('',(13.125,25.,4.87179381747627));
#1397=CARTESIAN_POINT('Origin',(0.,25.,0.));
#1398=CARTESIAN_POINT('',(13.125,0.,4.87179381747627));
#1399=CARTESIAN_POINT('',(10.7815972079344,25.,8.93068651593264));
#1400=CARTESIAN_POINT('',(10.7815972079344,100.,8.93068651593264));
#1401=CARTESIAN_POINT('',(2.34340279206557,25.,13.8024803334089));
#1402=CARTESIAN_POINT('Origin',(0.,25.,0.));
#1403=CARTESIAN_POINT('',(2.34340279206557,100.,13.8024803334089));
#1404=CARTESIAN_POINT('',(-2.34340279206559,25.,13.8024803334089));
#1405=CARTESIAN_POINT('',(-2.34340279206559,100.,13.8024803334089));
#1406=CARTESIAN_POINT('',(-10.7815972079344,25.,8.93068651593262));
#1407=CARTESIAN_POINT('Origin',(0.,25.,0.));
#1408=CARTESIAN_POINT('',(-10.7815972079344,100.,8.93068651593262));
#1409=CARTESIAN_POINT('',(-13.125,25.,4.87179381747627));
#1410=CARTESIAN_POINT('',(-13.125,100.,4.87179381747627));
#1411=CARTESIAN_POINT('',(-14.,25.,1.71450551880629E-15));
#1412=CARTESIAN_POINT('Origin',(0.,25.,0.));
#1413=CARTESIAN_POINT('',(-14.,21.907204803804,1.71450551880629E-15));
#1414=CARTESIAN_POINT('',(-14.,0.,1.71450551880629E-15));
#1415=CARTESIAN_POINT('',(-1.71450551880629E-15,21.907204803804,-14.));
#1416=CARTESIAN_POINT('Origin',(0.,21.907204803804,0.));
#1417=CARTESIAN_POINT('Origin',(0.,21.907204803804,0.));
#1418=CARTESIAN_POINT('',(-13.125,25.,-4.87179381747627));
#1419=CARTESIAN_POINT('Origin',(0.,25.,0.));
#1420=CARTESIAN_POINT('',(-13.125,100.,-4.87179381747627));
#1421=CARTESIAN_POINT('Origin',(-11.25,100.,4.17582327212252));
#1422=CARTESIAN_POINT('',(-12.35,90.,2.50549396327351));
#1423=CARTESIAN_POINT('Origin',(-11.25,90.,4.17582327212252));
#1424=CARTESIAN_POINT('',(-12.35,25.,2.50549396327351));
#1425=CARTESIAN_POINT('',(-12.35,100.,2.50549396327351));
#1426=CARTESIAN_POINT('Origin',(-11.25,25.,4.17582327212252));
#1427=CARTESIAN_POINT('Ctrl Pts',(-12.35,90.,-2.50549396327351));
#1428=CARTESIAN_POINT('Ctrl Pts',(-12.35,90.8399078713829,-2.50549396327351));
#1429=CARTESIAN_POINT('Ctrl Pts',(-12.2130436248762,92.5168337119774,-2.42218332870405));
#1430=CARTESIAN_POINT('Ctrl Pts',(-11.7385894746132,94.3978767411835,-2.02209942409078));
#1431=CARTESIAN_POINT('Ctrl Pts',(-11.3188527609955,95.5398646894676,-1.3953646525709));
#1432=CARTESIAN_POINT('Ctrl Pts',(-11.066316433462,96.1114418206444,-0.755256787131188));
#1433=CARTESIAN_POINT('Ctrl Pts',(-10.966654306131,96.3108099097746,-0.00251110479109611));
#1434=CARTESIAN_POINT('Ctrl Pts',(-11.0992705614114,96.0460407596833,1.01134689238389));
#1435=CARTESIAN_POINT('Ctrl Pts',(-11.6466288033165,94.7742062208463,1.95014969275293));
#1436=CARTESIAN_POINT('Ctrl Pts',(-12.2109247876659,92.517609706976,2.41806007896783));
#1437=CARTESIAN_POINT('Ctrl Pts',(-12.35,90.8399078713829,2.50549396327351));
#1438=CARTESIAN_POINT('Ctrl Pts',(-12.35,90.,2.50549396327351));
#1439=CARTESIAN_POINT('Ctrl Pts',(-12.7775576263066,90.,-2.78706322416456));
#1440=CARTESIAN_POINT('Ctrl Pts',(-12.7775576263066,90.8951985136213,-2.78706322416456));
#1441=CARTESIAN_POINT('Ctrl Pts',(-12.593312220186,92.6818965549444,-2.70872778752096));
#1442=CARTESIAN_POINT('Ctrl Pts',(-11.9616356918867,94.6593853659281,-2.29064989575441));
#1443=CARTESIAN_POINT('Ctrl Pts',(-11.4111801998297,95.8513291011485,-1.59044310035825));
#1444=CARTESIAN_POINT('Ctrl Pts',(-11.084036467541,96.4469199816519,-0.862442519273238));
#1445=CARTESIAN_POINT('Ctrl Pts',(-10.9567136255023,96.6549766500268,-0.00303555219151525));
#1446=CARTESIAN_POINT('Ctrl Pts',(-11.1260500279189,96.3785508724078,1.15494160406202));
#1447=CARTESIAN_POINT('Ctrl Pts',(-11.838120258289,95.0548849660693,2.21753668289411));
#1448=CARTESIAN_POINT('Ctrl Pts',(-12.5907817129918,92.6826807076089,2.70361236770183));
#1449=CARTESIAN_POINT('Ctrl Pts',(-12.7775576263066,90.8951985136212,2.78706322416456));
#1450=CARTESIAN_POINT('Ctrl Pts',(-12.7775576263066,90.,2.78706322416456));
#1451=CARTESIAN_POINT('Ctrl Pts',(-13.3224096871746,90.,-3.57899582060162));
#1452=CARTESIAN_POINT('Ctrl Pts',(-13.3224096871746,90.9909965499074,-3.57899582060162));
#1453=CARTESIAN_POINT('Ctrl Pts',(-13.0534548938469,92.9684386887659,-3.47342959674891));
#1454=CARTESIAN_POINT('Ctrl Pts',(-12.1638010224505,95.1153321525076,-2.91880872926128));
#1455=CARTESIAN_POINT('Ctrl Pts',(-11.4060120590701,96.3953550847822,-2.01549183252649));
#1456=CARTESIAN_POINT('Ctrl Pts',(-10.9591692770201,97.0332655858273,-1.08876840212583));
#1457=CARTESIAN_POINT('Ctrl Pts',(-10.7859881192738,97.2565822697085,-0.00366798859663927));
#1458=CARTESIAN_POINT('Ctrl Pts',(-11.016280722608,96.9596902757548,1.45815068036241));
#1459=CARTESIAN_POINT('Ctrl Pts',(-11.9897648165518,95.5444373283778,2.82021775556079));
#1460=CARTESIAN_POINT('Ctrl Pts',(-13.050486432471,92.96926201092,3.4669898956244));
#1461=CARTESIAN_POINT('Ctrl Pts',(-13.3224096871746,90.9909965499071,3.57899582060162));
#1462=CARTESIAN_POINT('Ctrl Pts',(-13.3224096871746,90.,3.57899582060162));
#1463=CARTESIAN_POINT('Ctrl Pts',(-13.2586117582208,90.,-4.5118331146326));
#1464=CARTESIAN_POINT('Ctrl Pts',(-13.2586117582208,91.0406663691524,-4.5118331146326));
#1465=CARTESIAN_POINT('Ctrl Pts',(-12.9683134203483,93.1178999542389,-4.35790794995984));
#1466=CARTESIAN_POINT('Ctrl Pts',(-11.9789173173963,95.4135211234369,-3.6176454305014));
#1467=CARTESIAN_POINT('Ctrl Pts',(-11.1101925292846,96.795036731184,-2.47890071998651));
#1468=CARTESIAN_POINT('Ctrl Pts',(-10.5872670727945,97.4849706194958,-1.33339730894299));
#1469=CARTESIAN_POINT('Ctrl Pts',(-10.380153447001,97.726006387214,-0.00419510140393796));
#1470=CARTESIAN_POINT('Ctrl Pts',(-10.655888254464,97.4057421966488,1.78527000795784));
#1471=CARTESIAN_POINT('Ctrl Pts',(-11.787142419586,95.8726401833889,3.48359795444376));
#1472=CARTESIAN_POINT('Ctrl Pts',(-12.9639377947205,93.1187926167725,4.35058553297624));
#1473=CARTESIAN_POINT('Ctrl Pts',(-13.2586117582208,91.040666369152,4.5118331146326));
#1474=CARTESIAN_POINT('Ctrl Pts',(-13.2586117582208,90.,4.5118331146326));
#1475=CARTESIAN_POINT('Ctrl Pts',(-13.125,90.,-4.87179381747627));
#1476=CARTESIAN_POINT('Ctrl Pts',(-13.125,91.0498848392286,-4.87179381747627));
#1477=CARTESIAN_POINT('Ctrl Pts',(-12.8383363394721,93.1460421399717,-4.70243592217684));
#1478=CARTESIAN_POINT('Ctrl Pts',(-11.8389592438001,95.4973459264794,-3.89744653748385));
#1479=CARTESIAN_POINT('Ctrl Pts',(-10.9421744960385,96.9248308618345,-2.66766732052646));
#1480=CARTESIAN_POINT('Ctrl Pts',(-10.3954845374828,97.6393022758054,-1.43391919476314));
#1481=CARTESIAN_POINT('Ctrl Pts',(-10.1764375350367,97.8885123872182,-0.00446269532081225));
#1482=CARTESIAN_POINT('Ctrl Pts',(-10.4682032128565,97.5575509496041,1.9196953070513));
#1483=CARTESIAN_POINT('Ctrl Pts',(-11.6466049907146,95.9677577760576,3.75148969189492));
#1484=CARTESIAN_POINT('Ctrl Pts',(-12.8332409841879,93.1470121337199,4.69466580076879));
#1485=CARTESIAN_POINT('Ctrl Pts',(-13.125,91.0498848392282,4.87179381747627));
#1486=CARTESIAN_POINT('Ctrl Pts',(-13.125,90.,4.87179381747627));
#1487=CARTESIAN_POINT('',(-12.35,90.,-2.50549396327351));
#1488=CARTESIAN_POINT('Origin',(-11.25,90.,-4.17582327212252));
#1489=CARTESIAN_POINT('Ctrl Pts',(-12.35,90.,-2.50549396327351));
#1490=CARTESIAN_POINT('Ctrl Pts',(-12.35,90.8399078713829,-2.50549396327351));
#1491=CARTESIAN_POINT('Ctrl Pts',(-12.2130436248762,92.5168337119774,-2.42218332870405));
#1492=CARTESIAN_POINT('Ctrl Pts',(-11.7385894746132,94.3978767411835,-2.02209942409078));
#1493=CARTESIAN_POINT('Ctrl Pts',(-11.3188527609955,95.5398646894676,-1.3953646525709));
#1494=CARTESIAN_POINT('Ctrl Pts',(-11.066316433462,96.1114418206444,-0.755256787131188));
#1495=CARTESIAN_POINT('Ctrl Pts',(-10.966654306131,96.3108099097746,-0.00251110479109611));
#1496=CARTESIAN_POINT('Ctrl Pts',(-11.0992705614114,96.0460407596833,1.01134689238389));
#1497=CARTESIAN_POINT('Ctrl Pts',(-11.6466288033165,94.7742062208463,1.95014969275293));
#1498=CARTESIAN_POINT('Ctrl Pts',(-12.2109247876659,92.517609706976,2.41806007896783));
#1499=CARTESIAN_POINT('Ctrl Pts',(-12.35,90.8399078713829,2.50549396327351));
#1500=CARTESIAN_POINT('Ctrl Pts',(-12.35,90.,2.50549396327351));
#1501=CARTESIAN_POINT('Origin',(-11.25,100.,-4.17582327212252));
#1502=CARTESIAN_POINT('',(-12.35,25.,-2.50549396327351));
#1503=CARTESIAN_POINT('Origin',(-11.25,25.,-4.17582327212252));
#1504=CARTESIAN_POINT('',(-12.35,100.,-2.50549396327351));
#1505=CARTESIAN_POINT('Origin',(-2.00863096462765,100.,11.8306974286362));
#1506=CARTESIAN_POINT('',(-4.00517857877659,90.,11.9481607183746));
#1507=CARTESIAN_POINT('Origin',(-2.00863096462765,90.,11.8306974286362));
#1508=CARTESIAN_POINT('',(-4.00517857877659,25.,11.9481607183746));
#1509=CARTESIAN_POINT('',(-4.00517857877659,100.,11.9481607183746));
#1510=CARTESIAN_POINT('Origin',(-2.00863096462765,25.,11.8306974286362));
#1511=CARTESIAN_POINT('Ctrl Pts',(-8.34482142122342,90.,9.44266675510106));
#1512=CARTESIAN_POINT('Ctrl Pts',(-8.34482142122342,90.839909439231,9.44266675510106));
#1513=CARTESIAN_POINT('Ctrl Pts',(-8.2041818134565,92.5168562281653,9.36571008451014));
#1514=CARTESIAN_POINT('Ctrl Pts',(-7.62051879377081,94.3978469509828,9.15485893748519));
#1515=CARTESIAN_POINT('Ctrl Pts',(-6.86781939347131,95.5398991455298,9.10472656398943));
#1516=CARTESIAN_POINT('Ctrl Pts',(-6.18718272588557,96.1114677841731,9.2060908401351));
#1517=CARTESIAN_POINT('Ctrl Pts',(-5.48550563295334,96.3107880604334,9.49614918796516));
#1518=CARTESIAN_POINT('Ctrl Pts',(-4.67383782440345,96.0460551958043,10.1178761997966));
#1519=CARTESIAN_POINT('Ctrl Pts',(-4.13444121089209,94.7742310420332,11.0613369983702));
#1520=CARTESIAN_POINT('Ctrl Pts',(-4.0113684681062,92.5176053435605,11.7839962826431));
#1521=CARTESIAN_POINT('Ctrl Pts',(-4.00517857877659,90.839909439231,11.9481607183746));
#1522=CARTESIAN_POINT('Ctrl Pts',(-4.00517857877659,90.,11.9481607183746));
#1523=CARTESIAN_POINT('Ctrl Pts',(-8.80244636723319,90.,9.67215789061884));
#1524=CARTESIAN_POINT('Ctrl Pts',(-8.80244636723319,90.89520018468,9.67215789061884));
#1525=CARTESIAN_POINT('Ctrl Pts',(-8.64246582820891,92.6819225069706,9.55175231106535));
#1526=CARTESIAN_POINT('Ctrl Pts',(-7.9646146488419,94.6593565675935,9.21373747723548));
#1527=CARTESIAN_POINT('Ctrl Pts',(-7.08291609603216,95.8513672376,9.08712981067486));
#1528=CARTESIAN_POINT('Ctrl Pts',(-6.28885526810526,96.4469493932775,9.1678297892416));
#1529=CARTESIAN_POINT('Ctrl Pts',(-5.48098478599637,96.6549562836078,9.48726588980954));
#1530=CARTESIAN_POINT('Ctrl Pts',(-4.56287230594503,96.3785687083277,10.2128434277488));
#1531=CARTESIAN_POINT('Ctrl Pts',(-3.99861797462081,95.0549134323676,11.3608554528765));
#1532=CARTESIAN_POINT('Ctrl Pts',(-3.95400020472532,92.6826788661179,12.2557320794737));
#1533=CARTESIAN_POINT('Ctrl Pts',(-3.97511125907344,90.8952001846801,12.4592211147834));
#1534=CARTESIAN_POINT('Ctrl Pts',(-3.97511125907344,90.,12.4592211147834));
#1535=CARTESIAN_POINT('Ctrl Pts',(-9.76070549341729,90.,9.74804508333069));
#1536=CARTESIAN_POINT('Ctrl Pts',(-9.76070549341729,90.9909983997915,9.74804508333069));
#1537=CARTESIAN_POINT('Ctrl Pts',(-9.53478676284485,92.9684646024559,9.56789693630228));
#1538=CARTESIAN_POINT('Ctrl Pts',(-8.60971565182307,95.1152995778344,9.07474835326422));
#1539=CARTESIAN_POINT('Ctrl Pts',(-7.44843008752044,96.3953944219542,8.87013875773907));
#1540=CARTESIAN_POINT('Ctrl Pts',(-6.42241644377676,97.0332963312589,8.94654411264328));
#1541=CARTESIAN_POINT('Ctrl Pts',(-5.39617819537671,97.256560110716,9.33911465407845));
#1542=CARTESIAN_POINT('Ctrl Pts',(-4.24542330996483,96.9597093510069,10.2693850039215));
#1543=CARTESIAN_POINT('Ctrl Pts',(-3.55250844155998,95.5444671062407,11.7935268200409));
#1544=CARTESIAN_POINT('Ctrl Pts',(-3.52275077907671,92.9692570830984,13.0355401361653));
#1545=CARTESIAN_POINT('Ctrl Pts',(-3.56170193269174,90.9909983997917,13.327041457823));
#1546=CARTESIAN_POINT('Ctrl Pts',(-3.56170193269174,90.,13.327041457823));
#1547=CARTESIAN_POINT('Ctrl Pts',(-10.5366679740181,90.,9.22637804421799));
#1548=CARTESIAN_POINT('Ctrl Pts',(-10.5366679740181,91.0406683117548,9.22637804421799));
#1549=CARTESIAN_POINT('Ctrl Pts',(-10.2581898060695,93.1179294697259,9.05192225619312));
#1550=CARTESIAN_POINT('Ctrl Pts',(-9.12249092170009,95.4134873169809,8.56520910068081));
#1551=CARTESIAN_POINT('Ctrl Pts',(-7.70182895907167,96.7950805350745,8.38224193783873));
#1552=CARTESIAN_POINT('Ctrl Pts',(-6.44829829053388,97.4850044522801,8.50215001206515));
#1553=CARTESIAN_POINT('Ctrl Pts',(-5.19371194853706,97.7259826360947,8.98738266242183));
#1554=CARTESIAN_POINT('Ctrl Pts',(-3.78194367959074,97.4057627077819,10.1208130985598));
#1555=CARTESIAN_POINT('Ctrl Pts',(-2.87669318399864,95.8726728635047,11.949732516773));
#1556=CARTESIAN_POINT('Ctrl Pts',(-2.71426170598519,93.1187896411846,13.4023815846412));
#1557=CARTESIAN_POINT('Ctrl Pts',(-2.72194378420272,91.040668311755,13.7382111588506));
#1558=CARTESIAN_POINT('Ctrl Pts',(-2.72194378420272,90.,13.7382111588506));
#1559=CARTESIAN_POINT('Ctrl Pts',(-10.7815972079344,90.,8.93068651593262));
#1560=CARTESIAN_POINT('Ctrl Pts',(-10.7815972079344,91.0498867990391,8.93068651593262));
#1561=CARTESIAN_POINT('Ctrl Pts',(-10.4915704571647,93.146070285207,8.76709745054103));
#1562=CARTESIAN_POINT('Ctrl Pts',(-9.29483241658261,95.4973086887287,8.30410252555291));
#1563=CARTESIAN_POINT('Ctrl Pts',(-7.78129444303728,96.9248739319124,8.14235397889908));
#1564=CARTESIAN_POINT('Ctrl Pts',(-6.4394567066001,97.6393347302165,8.28580499635154));
#1565=CARTESIAN_POINT('Ctrl Pts',(-5.09208730571004,97.8884850755419,8.8108288801442));
#1566=CARTESIAN_POINT('Ctrl Pts',(-3.57169369643257,97.5575689947555,10.0254822244633));
#1567=CARTESIAN_POINT('Ctrl Pts',(-2.57442576159522,95.9677888025417,11.961970455997));
#1568=CARTESIAN_POINT('Ctrl Pts',(-2.3509332656968,93.1470066794507,13.4612361445673));
#1569=CARTESIAN_POINT('Ctrl Pts',(-2.34340279206559,91.0498867990393,13.8024803334089));
#1570=CARTESIAN_POINT('Ctrl Pts',(-2.34340279206559,90.,13.8024803334089));
#1571=CARTESIAN_POINT('',(-8.34482142122342,90.,9.44266675510106));
#1572=CARTESIAN_POINT('Origin',(-9.24136903537237,90.,7.65487415651367));
#1573=CARTESIAN_POINT('Ctrl Pts',(-8.34482142122342,90.,9.44266675510106));
#1574=CARTESIAN_POINT('Ctrl Pts',(-8.34482142122342,90.839909439231,9.44266675510106));
#1575=CARTESIAN_POINT('Ctrl Pts',(-8.2041818134565,92.5168562281653,9.36571008451014));
#1576=CARTESIAN_POINT('Ctrl Pts',(-7.62051879377081,94.3978469509828,9.15485893748519));
#1577=CARTESIAN_POINT('Ctrl Pts',(-6.86781939347131,95.5398991455298,9.10472656398943));
#1578=CARTESIAN_POINT('Ctrl Pts',(-6.18718272588557,96.1114677841731,9.2060908401351));
#1579=CARTESIAN_POINT('Ctrl Pts',(-5.48550563295334,96.3107880604334,9.49614918796516));
#1580=CARTESIAN_POINT('Ctrl Pts',(-4.67383782440345,96.0460551958043,10.1178761997966));
#1581=CARTESIAN_POINT('Ctrl Pts',(-4.13444121089209,94.7742310420332,11.0613369983702));
#1582=CARTESIAN_POINT('Ctrl Pts',(-4.0113684681062,92.5176053435605,11.7839962826431));
#1583=CARTESIAN_POINT('Ctrl Pts',(-4.00517857877659,90.839909439231,11.9481607183746));
#1584=CARTESIAN_POINT('Ctrl Pts',(-4.00517857877659,90.,11.9481607183746));
#1585=CARTESIAN_POINT('Origin',(-9.24136903537237,100.,7.65487415651367));
#1586=CARTESIAN_POINT('',(-8.34482142122342,25.,9.44266675510106));
#1587=CARTESIAN_POINT('Origin',(-9.24136903537237,25.,7.65487415651367));
#1588=CARTESIAN_POINT('',(-8.34482142122342,100.,9.44266675510106));
#1589=CARTESIAN_POINT('Origin',(2.00863096462765,100.,-11.8306974286362));
#1590=CARTESIAN_POINT('',(4.00517857877659,90.,-11.9481607183746));
#1591=CARTESIAN_POINT('Origin',(2.00863096462765,90.,-11.8306974286362));
#1592=CARTESIAN_POINT('',(4.00517857877659,25.,-11.9481607183746));
#1593=CARTESIAN_POINT('',(4.00517857877659,100.,-11.9481607183746));
#1594=CARTESIAN_POINT('Origin',(2.00863096462765,25.,-11.8306974286362));
#1595=CARTESIAN_POINT('Ctrl Pts',(8.34482142122342,90.,-9.44266675510107));
#1596=CARTESIAN_POINT('Ctrl Pts',(8.34482142122342,90.839909439231,-9.44266675510107));
#1597=CARTESIAN_POINT('Ctrl Pts',(8.20418181345648,92.5168562281653,-9.36571008451015));
#1598=CARTESIAN_POINT('Ctrl Pts',(7.62051879377079,94.397846950983,-9.15485893748521));
#1599=CARTESIAN_POINT('Ctrl Pts',(6.86781939347132,95.5398991455299,-9.10472656398945));
#1600=CARTESIAN_POINT('Ctrl Pts',(6.18718272588555,96.1114677841731,-9.20609084013513));
#1601=CARTESIAN_POINT('Ctrl Pts',(5.48550563295337,96.3107880604335,-9.49614918796517));
#1602=CARTESIAN_POINT('Ctrl Pts',(4.67383782440345,96.0460551958043,-10.1178761997966));
#1603=CARTESIAN_POINT('Ctrl Pts',(4.13444121089211,94.7742310420333,-11.0613369983702));
#1604=CARTESIAN_POINT('Ctrl Pts',(4.01136846810621,92.5176053435606,-11.783996282643));
#1605=CARTESIAN_POINT('Ctrl Pts',(4.00517857877659,90.839909439231,-11.9481607183746));
#1606=CARTESIAN_POINT('Ctrl Pts',(4.00517857877659,90.,-11.9481607183746));
#1607=CARTESIAN_POINT('Ctrl Pts',(8.80244636723318,90.,-9.67215789061884));
#1608=CARTESIAN_POINT('Ctrl Pts',(8.80244636723318,90.8952001846798,-9.67215789061884));
#1609=CARTESIAN_POINT('Ctrl Pts',(8.64246582820888,92.6819225069704,-9.55175231106537));
#1610=CARTESIAN_POINT('Ctrl Pts',(7.9646146488419,94.6593565675935,-9.21373747723551));
#1611=CARTESIAN_POINT('Ctrl Pts',(7.08291609603217,95.8513672376,-9.08712981067489));
#1612=CARTESIAN_POINT('Ctrl Pts',(6.28885526810523,96.4469493932775,-9.16782978924165));
#1613=CARTESIAN_POINT('Ctrl Pts',(5.48098478599639,96.6549562836078,-9.48726588980956));
#1614=CARTESIAN_POINT('Ctrl Pts',(4.56287230594504,96.3785687083277,-10.2128434277489));
#1615=CARTESIAN_POINT('Ctrl Pts',(3.99861797462083,95.0549134323676,-11.3608554528765));
#1616=CARTESIAN_POINT('Ctrl Pts',(3.95400020472532,92.6826788661179,-12.2557320794736));
#1617=CARTESIAN_POINT('Ctrl Pts',(3.97511125907344,90.8952001846799,-12.4592211147834));
#1618=CARTESIAN_POINT('Ctrl Pts',(3.97511125907344,90.,-12.4592211147834));
#1619=CARTESIAN_POINT('Ctrl Pts',(9.76070549341728,90.,-9.74804508333069));
#1620=CARTESIAN_POINT('Ctrl Pts',(9.76070549341728,90.9909983997908,-9.74804508333069));
#1621=CARTESIAN_POINT('Ctrl Pts',(9.53478676284481,92.9684646024556,-9.56789693630231));
#1622=CARTESIAN_POINT('Ctrl Pts',(8.6097156518231,95.1152995778342,-9.07474835326426));
#1623=CARTESIAN_POINT('Ctrl Pts',(7.44843008752044,96.3953944219541,-8.87013875773912));
#1624=CARTESIAN_POINT('Ctrl Pts',(6.42241644377672,97.0332963312588,-8.94654411264333));
#1625=CARTESIAN_POINT('Ctrl Pts',(5.39617819537674,97.2565601107159,-9.33911465407848));
#1626=CARTESIAN_POINT('Ctrl Pts',(4.24542330996487,96.9597093510069,-10.2693850039215));
#1627=CARTESIAN_POINT('Ctrl Pts',(3.55250844156001,95.5444671062406,-11.7935268200408));
#1628=CARTESIAN_POINT('Ctrl Pts',(3.52275077907673,92.9692570830984,-13.0355401361652));
#1629=CARTESIAN_POINT('Ctrl Pts',(3.56170193269173,90.9909983997912,-13.327041457823));
#1630=CARTESIAN_POINT('Ctrl Pts',(3.56170193269173,90.,-13.327041457823));
#1631=CARTESIAN_POINT('Ctrl Pts',(10.5366679740181,90.,-9.22637804421799));
#1632=CARTESIAN_POINT('Ctrl Pts',(10.5366679740181,91.0406683117538,-9.22637804421799));
#1633=CARTESIAN_POINT('Ctrl Pts',(10.2581898060695,93.1179294697256,-9.05192225619315));
#1634=CARTESIAN_POINT('Ctrl Pts',(9.12249092170014,95.4134873169807,-8.56520910068086));
#1635=CARTESIAN_POINT('Ctrl Pts',(7.70182895907167,96.7950805350744,-8.38224193783878));
#1636=CARTESIAN_POINT('Ctrl Pts',(6.44829829053383,97.48500445228,-8.50215001206521));
#1637=CARTESIAN_POINT('Ctrl Pts',(5.1937119485371,97.7259826360946,-8.98738266242186));
#1638=CARTESIAN_POINT('Ctrl Pts',(3.78194367959081,97.4057627077818,-10.1208130985598));
#1639=CARTESIAN_POINT('Ctrl Pts',(2.87669318399868,95.8726728635046,-11.9497325167729));
#1640=CARTESIAN_POINT('Ctrl Pts',(2.71426170598523,93.1187896411846,-13.4023815846411));
#1641=CARTESIAN_POINT('Ctrl Pts',(2.72194378420271,91.0406683117542,-13.7382111588506));
#1642=CARTESIAN_POINT('Ctrl Pts',(2.72194378420272,90.,-13.7382111588506));
#1643=CARTESIAN_POINT('Ctrl Pts',(10.7815972079344,90.,-8.93068651593262));
#1644=CARTESIAN_POINT('Ctrl Pts',(10.7815972079344,91.049886799038,-8.93068651593262));
#1645=CARTESIAN_POINT('Ctrl Pts',(10.4915704571647,93.1460702852067,-8.76709745054106));
#1646=CARTESIAN_POINT('Ctrl Pts',(9.29483241658266,95.4973086887284,-8.30410252555296));
#1647=CARTESIAN_POINT('Ctrl Pts',(7.78129444303727,96.9248739319123,-8.14235397889913));
#1648=CARTESIAN_POINT('Ctrl Pts',(6.43945670660004,97.6393347302164,-8.2858049963516));
#1649=CARTESIAN_POINT('Ctrl Pts',(5.09208730571008,97.8884850755418,-8.81082888014424));
#1650=CARTESIAN_POINT('Ctrl Pts',(3.57169369643264,97.5575689947553,-10.0254822244633));
#1651=CARTESIAN_POINT('Ctrl Pts',(2.57442576159527,95.9677888025416,-11.961970455997));
#1652=CARTESIAN_POINT('Ctrl Pts',(2.35093326569683,93.1470066794507,-13.4612361445672));
#1653=CARTESIAN_POINT('Ctrl Pts',(2.34340279206558,91.0498867990385,-13.8024803334089));
#1654=CARTESIAN_POINT('Ctrl Pts',(2.34340279206559,90.,-13.8024803334089));
#1655=CARTESIAN_POINT('',(8.34482142122342,90.,-9.44266675510107));
#1656=CARTESIAN_POINT('Origin',(9.24136903537236,90.,-7.65487415651368));
#1657=CARTESIAN_POINT('Ctrl Pts',(8.34482142122342,90.,-9.44266675510107));
#1658=CARTESIAN_POINT('Ctrl Pts',(8.34482142122342,90.839909439231,-9.44266675510107));
#1659=CARTESIAN_POINT('Ctrl Pts',(8.20418181345648,92.5168562281653,-9.36571008451015));
#1660=CARTESIAN_POINT('Ctrl Pts',(7.62051879377079,94.397846950983,-9.15485893748521));
#1661=CARTESIAN_POINT('Ctrl Pts',(6.86781939347132,95.5398991455299,-9.10472656398945));
#1662=CARTESIAN_POINT('Ctrl Pts',(6.18718272588555,96.1114677841731,-9.20609084013513));
#1663=CARTESIAN_POINT('Ctrl Pts',(5.48550563295337,96.3107880604335,-9.49614918796517));
#1664=CARTESIAN_POINT('Ctrl Pts',(4.67383782440345,96.0460551958043,-10.1178761997966));
#1665=CARTESIAN_POINT('Ctrl Pts',(4.13444121089211,94.7742310420333,-11.0613369983702));
#1666=CARTESIAN_POINT('Ctrl Pts',(4.01136846810621,92.5176053435606,-11.783996282643));
#1667=CARTESIAN_POINT('Ctrl Pts',(4.00517857877659,90.839909439231,-11.9481607183746));
#1668=CARTESIAN_POINT('Ctrl Pts',(4.00517857877659,90.,-11.9481607183746));
#1669=CARTESIAN_POINT('Origin',(9.24136903537236,100.,-7.65487415651368));
#1670=CARTESIAN_POINT('',(8.34482142122342,25.,-9.44266675510107));
#1671=CARTESIAN_POINT('Origin',(9.24136903537236,25.,-7.65487415651368));
#1672=CARTESIAN_POINT('',(8.34482142122342,100.,-9.44266675510107));
#1673=CARTESIAN_POINT('Origin',(11.25,0.,4.17582327212252));
#1674=CARTESIAN_POINT('',(12.35,90.,2.50549396327351));
#1675=CARTESIAN_POINT('Origin',(11.25,90.,4.17582327212252));
#1676=CARTESIAN_POINT('',(12.35,25.,2.50549396327351));
#1677=CARTESIAN_POINT('Origin',(11.25,25.,4.17582327212252));
#1678=CARTESIAN_POINT('',(12.35,0.,2.50549396327351));
#1679=CARTESIAN_POINT('Ctrl Pts',(12.35,90.,2.50549396327351));
#1680=CARTESIAN_POINT('Ctrl Pts',(12.35,90.839907871383,2.50549396327351));
#1681=CARTESIAN_POINT('Ctrl Pts',(12.2109247876658,92.517609706976,2.41806007896783));
#1682=CARTESIAN_POINT('Ctrl Pts',(11.6466288033165,94.7742062208463,1.95014969275293));
#1683=CARTESIAN_POINT('Ctrl Pts',(11.0992705614114,96.0460407596832,1.01134689238389));
#1684=CARTESIAN_POINT('Ctrl Pts',(10.966654306131,96.3108099097745,-0.00251110479109592));
#1685=CARTESIAN_POINT('Ctrl Pts',(11.066316433462,96.1114418206443,-0.755256787131174));
#1686=CARTESIAN_POINT('Ctrl Pts',(11.3188527609955,95.5398646894676,-1.3953646525709));
#1687=CARTESIAN_POINT('Ctrl Pts',(11.7385894746132,94.3978767411834,-2.0220994240908));
#1688=CARTESIAN_POINT('Ctrl Pts',(12.2130436248762,92.5168337119773,-2.42218332870404));
#1689=CARTESIAN_POINT('Ctrl Pts',(12.35,90.8399078713829,-2.50549396327351));
#1690=CARTESIAN_POINT('Ctrl Pts',(12.35,90.,-2.50549396327351));
#1691=CARTESIAN_POINT('Ctrl Pts',(12.7775576263066,90.,2.78706322416456));
#1692=CARTESIAN_POINT('Ctrl Pts',(12.7775576263066,90.8951985136213,2.78706322416456));
#1693=CARTESIAN_POINT('Ctrl Pts',(12.5907817129918,92.682680707609,2.70361236770183));
#1694=CARTESIAN_POINT('Ctrl Pts',(11.838120258289,95.0548849660693,2.21753668289408));
#1695=CARTESIAN_POINT('Ctrl Pts',(11.1260500279189,96.3785508724077,1.15494160406203));
#1696=CARTESIAN_POINT('Ctrl Pts',(10.9567136255023,96.6549766500268,-0.00303555219151279));
#1697=CARTESIAN_POINT('Ctrl Pts',(11.0840364675409,96.4469199816518,-0.862442519273222));
#1698=CARTESIAN_POINT('Ctrl Pts',(11.4111801998297,95.8513291011485,-1.59044310035823));
#1699=CARTESIAN_POINT('Ctrl Pts',(11.9616356918867,94.659385365928,-2.29064989575442));
#1700=CARTESIAN_POINT('Ctrl Pts',(12.593312220186,92.6818965549444,-2.70872778752094));
#1701=CARTESIAN_POINT('Ctrl Pts',(12.7775576263066,90.8951985136213,-2.78706322416456));
#1702=CARTESIAN_POINT('Ctrl Pts',(12.7775576263066,90.,-2.78706322416456));
#1703=CARTESIAN_POINT('Ctrl Pts',(13.3224096871746,90.,3.57899582060162));
#1704=CARTESIAN_POINT('Ctrl Pts',(13.3224096871746,90.9909965499073,3.57899582060162));
#1705=CARTESIAN_POINT('Ctrl Pts',(13.050486432471,92.9692620109201,3.46698989562441));
#1706=CARTESIAN_POINT('Ctrl Pts',(11.9897648165517,95.5444373283779,2.82021775556071));
#1707=CARTESIAN_POINT('Ctrl Pts',(11.016280722608,96.9596902757547,1.45815068036243));
#1708=CARTESIAN_POINT('Ctrl Pts',(10.7859881192739,97.2565822697085,-0.00366798859663396));
#1709=CARTESIAN_POINT('Ctrl Pts',(10.9591692770201,97.0332655858272,-1.08876840212581));
#1710=CARTESIAN_POINT('Ctrl Pts',(11.4060120590701,96.3953550847821,-2.01549183252646));
#1711=CARTESIAN_POINT('Ctrl Pts',(12.1638010224505,95.1153321525076,-2.9188087292613));
#1712=CARTESIAN_POINT('Ctrl Pts',(13.0534548938469,92.9684386887659,-3.47342959674888));
#1713=CARTESIAN_POINT('Ctrl Pts',(13.3224096871746,90.9909965499075,-3.57899582060162));
#1714=CARTESIAN_POINT('Ctrl Pts',(13.3224096871746,90.,-3.57899582060162));
#1715=CARTESIAN_POINT('Ctrl Pts',(13.2586117582208,90.,4.5118331146326));
#1716=CARTESIAN_POINT('Ctrl Pts',(13.2586117582208,91.0406663691522,4.5118331146326));
#1717=CARTESIAN_POINT('Ctrl Pts',(12.9639377947205,93.1187926167726,4.35058553297624));
#1718=CARTESIAN_POINT('Ctrl Pts',(11.7871424195859,95.872640183389,3.48359795444366));
#1719=CARTESIAN_POINT('Ctrl Pts',(10.655888254464,97.4057421966487,1.78527000795786));
#1720=CARTESIAN_POINT('Ctrl Pts',(10.380153447001,97.7260063872139,-0.00419510140392858));
#1721=CARTESIAN_POINT('Ctrl Pts',(10.5872670727945,97.4849706194957,-1.33339730894297));
#1722=CARTESIAN_POINT('Ctrl Pts',(11.1101925292846,96.7950367311839,-2.47890071998647));
#1723=CARTESIAN_POINT('Ctrl Pts',(11.9789173173963,95.4135211234369,-3.61764543050141));
#1724=CARTESIAN_POINT('Ctrl Pts',(12.9683134203482,93.1178999542389,-4.3579079499598));
#1725=CARTESIAN_POINT('Ctrl Pts',(13.2586117582208,91.0406663691525,-4.51183311463259));
#1726=CARTESIAN_POINT('Ctrl Pts',(13.2586117582208,90.,-4.51183311463259));
#1727=CARTESIAN_POINT('Ctrl Pts',(13.125,90.,4.87179381747627));
#1728=CARTESIAN_POINT('Ctrl Pts',(13.125,91.0498848392284,4.87179381747627));
#1729=CARTESIAN_POINT('Ctrl Pts',(12.8332409841879,93.1470121337201,4.69466580076879));
#1730=CARTESIAN_POINT('Ctrl Pts',(11.6466049907145,95.9677577760578,3.7514896918948));
#1731=CARTESIAN_POINT('Ctrl Pts',(10.4682032128565,97.557550949604,1.91969530705132));
#1732=CARTESIAN_POINT('Ctrl Pts',(10.1764375350367,97.8885123872181,-0.00446269532080359));
#1733=CARTESIAN_POINT('Ctrl Pts',(10.3954845374828,97.6393022758053,-1.43391919476312));
#1734=CARTESIAN_POINT('Ctrl Pts',(10.9421744960385,96.9248308618344,-2.66766732052642));
#1735=CARTESIAN_POINT('Ctrl Pts',(11.8389592438001,95.4973459264793,-3.89744653748387));
#1736=CARTESIAN_POINT('Ctrl Pts',(12.8383363394721,93.1460421399717,-4.70243592217679));
#1737=CARTESIAN_POINT('Ctrl Pts',(13.125,91.0498848392287,-4.87179381747627));
#1738=CARTESIAN_POINT('Ctrl Pts',(13.125,90.,-4.87179381747627));
#1739=CARTESIAN_POINT('',(12.35,90.,-2.50549396327351));
#1740=CARTESIAN_POINT('Origin',(11.25,90.,-4.17582327212251));
#1741=CARTESIAN_POINT('Ctrl Pts',(12.35,90.,2.50549396327351));
#1742=CARTESIAN_POINT('Ctrl Pts',(12.35,90.839907871383,2.50549396327351));
#1743=CARTESIAN_POINT('Ctrl Pts',(12.2109247876658,92.517609706976,2.41806007896783));
#1744=CARTESIAN_POINT('Ctrl Pts',(11.6466288033165,94.7742062208463,1.95014969275293));
#1745=CARTESIAN_POINT('Ctrl Pts',(11.0992705614114,96.0460407596832,1.01134689238389));
#1746=CARTESIAN_POINT('Ctrl Pts',(10.966654306131,96.3108099097745,-0.00251110479109592));
#1747=CARTESIAN_POINT('Ctrl Pts',(11.066316433462,96.1114418206443,-0.755256787131174));
#1748=CARTESIAN_POINT('Ctrl Pts',(11.3188527609955,95.5398646894676,-1.3953646525709));
#1749=CARTESIAN_POINT('Ctrl Pts',(11.7385894746132,94.3978767411834,-2.0220994240908));
#1750=CARTESIAN_POINT('Ctrl Pts',(12.2130436248762,92.5168337119773,-2.42218332870404));
#1751=CARTESIAN_POINT('Ctrl Pts',(12.35,90.8399078713829,-2.50549396327351));
#1752=CARTESIAN_POINT('Ctrl Pts',(12.35,90.,-2.50549396327351));
#1753=CARTESIAN_POINT('Origin',(11.25,0.,-4.17582327212252));
#1754=CARTESIAN_POINT('',(12.35,25.,-2.50549396327351));
#1755=CARTESIAN_POINT('Origin',(11.25,25.,-4.17582327212252));
#1756=CARTESIAN_POINT('',(12.35,0.,-2.50549396327351));
#1757=CARTESIAN_POINT('Origin',(14.,100.,6.7767622981669E-16));
#1758=CARTESIAN_POINT('Origin',(14.,25.,6.7767622981669E-16));
#1759=CARTESIAN_POINT('Origin',(9.24136903537235,100.,7.65487415651369));
#1760=CARTESIAN_POINT('',(8.34482142122341,90.,9.44266675510107));
#1761=CARTESIAN_POINT('Origin',(9.24136903537235,90.,7.65487415651369));
#1762=CARTESIAN_POINT('',(8.34482142122341,25.,9.44266675510107));
#1763=CARTESIAN_POINT('',(8.34482142122341,100.,9.44266675510107));
#1764=CARTESIAN_POINT('Origin',(9.24136903537235,25.,7.65487415651369));
#1765=CARTESIAN_POINT('Ctrl Pts',(4.00517857877658,90.,11.9481607183746));
#1766=CARTESIAN_POINT('Ctrl Pts',(4.00517857877658,90.8399094392311,11.9481607183746));
#1767=CARTESIAN_POINT('Ctrl Pts',(4.00785962089107,92.5189794364194,11.7863741113192));
#1768=CARTESIAN_POINT('Ctrl Pts',(4.11870046411243,94.3966478471422,11.1778186508879));
#1769=CARTESIAN_POINT('Ctrl Pts',(4.45128457727766,95.5393068580292,10.5004917144767));
#1770=CARTESIAN_POINT('Ctrl Pts',(4.87941707704279,96.1108686284568,9.96171945704081));
#1771=CARTESIAN_POINT('Ctrl Pts',(5.48133601235249,96.3104064954549,9.49893054266507));
#1772=CARTESIAN_POINT('Ctrl Pts',(6.42560473489631,96.045678434607,9.106863467878));
#1773=CARTESIAN_POINT('Ctrl Pts',(7.51225613995399,94.7740682829702,9.11131420554602));
#1774=CARTESIAN_POINT('Ctrl Pts',(8.19961039309367,92.5174946562811,9.3660224713776));
#1775=CARTESIAN_POINT('Ctrl Pts',(8.34482142122341,90.8399094392311,9.44266675510107));
#1776=CARTESIAN_POINT('Ctrl Pts',(8.34482142122341,90.,9.44266675510107));
#1777=CARTESIAN_POINT('Ctrl Pts',(3.97511125907342,90.,12.4592211147834));
#1778=CARTESIAN_POINT('Ctrl Pts',(3.97511125907342,90.8952001846799,12.4592211147834));
#1779=CARTESIAN_POINT('Ctrl Pts',(3.94965681106888,92.6838949949133,12.2584371285834));
#1780=CARTESIAN_POINT('Ctrl Pts',(3.99754870317166,94.658256803535,11.5055130046615));
#1781=CARTESIAN_POINT('Ctrl Pts',(4.32851945784032,95.8508133337208,10.6781091431686));
#1782=CARTESIAN_POINT('Ctrl Pts',(4.79541596642831,96.4463969813794,10.030771486069));
#1783=CARTESIAN_POINT('Ctrl Pts',(5.47590111549326,96.6546019587922,9.49065964231474));
#1784=CARTESIAN_POINT('Ctrl Pts',(6.56331825939379,96.3782205180745,9.05833155030557));
#1785=CARTESIAN_POINT('Ctrl Pts',(7.83955725216974,95.0547623168256,9.14348369564572));
#1786=CARTESIAN_POINT('Ctrl Pts',(8.63682600305967,92.6825765386204,9.55223253488048));
#1787=CARTESIAN_POINT('Ctrl Pts',(8.80244636723317,90.89520018468,9.67215789061885));
#1788=CARTESIAN_POINT('Ctrl Pts',(8.80244636723317,90.,9.67215789061885));
#1789=CARTESIAN_POINT('Ctrl Pts',(3.56170193269251,90.,13.3270414578239));
#1790=CARTESIAN_POINT('Ctrl Pts',(3.56170193269251,90.9909983997912,13.3270414578239));
#1791=CARTESIAN_POINT('Ctrl Pts',(3.5174084480655,92.9702360256931,13.0387750285673));
#1792=CARTESIAN_POINT('Ctrl Pts',(3.55494747420514,95.1143206849477,11.9950186528388));
#1793=CARTESIAN_POINT('Ctrl Pts',(3.95788930663199,96.3948975355272,10.8863093470587));
#1794=CARTESIAN_POINT('Ctrl Pts',(4.53712696248974,97.0328036411861,10.0359567721506));
#1795=CARTESIAN_POINT('Ctrl Pts',(5.3900581561891,97.2562431662056,9.34323925925941));
#1796=CARTESIAN_POINT('Ctrl Pts',(6.77108265764458,96.9593985037329,8.81178371120041));
#1797=CARTESIAN_POINT('Ctrl Pts',(8.43734078917798,95.5443319461929,8.97351981925174));
#1798=CARTESIAN_POINT('Ctrl Pts',(9.52780557631592,92.9691657272044,9.56869303649443));
#1799=CARTESIAN_POINT('Ctrl Pts',(9.76070549341759,90.9909983997916,9.7480450833318));
#1800=CARTESIAN_POINT('Ctrl Pts',(9.76070549341759,90.0000000000001,9.7480450833318));
#1801=CARTESIAN_POINT('Ctrl Pts',(2.7219437842027,90.,13.7382111588506));
#1802=CARTESIAN_POINT('Ctrl Pts',(2.7219437842027,91.0406683117542,13.7382111588506));
#1803=CARTESIAN_POINT('Ctrl Pts',(2.70852377268386,93.1201648266833,13.4067246247185));
#1804=CARTESIAN_POINT('Ctrl Pts',(2.85746185459192,95.4122408134644,12.1845596188696));
#1805=CARTESIAN_POINT('Ctrl Pts',(3.40874851460358,96.7944541076401,10.861955731544));
#1806=CARTESIAN_POINT('Ctrl Pts',(4.13941799940496,97.4843787308198,9.83629849272431));
#1807=CARTESIAN_POINT('Ctrl Pts',(5.18673953929314,97.7255816068695,8.99211870037062));
#1808=CARTESIAN_POINT('Ctrl Pts',(6.87421134968211,97.4053684131958,8.33619318842323));
#1809=CARTESIAN_POINT('Ctrl Pts',(8.91055087495852,95.8725018266936,8.46638624986672));
#1810=CARTESIAN_POINT('Ctrl Pts',(10.2497605627051,93.1186737701874,9.05196543486577));
#1811=CARTESIAN_POINT('Ctrl Pts',(10.5366679740181,91.0406683117548,9.226378044218));
#1812=CARTESIAN_POINT('Ctrl Pts',(10.5366679740181,90.,9.226378044218));
#1813=CARTESIAN_POINT('Ctrl Pts',(2.34340279206557,90.,13.8024803334089));
#1814=CARTESIAN_POINT('Ctrl Pts',(2.34340279206557,91.0498867990385,13.8024803334089));
#1815=CARTESIAN_POINT('Ctrl Pts',(2.34500602621101,93.1487242955242,13.4661468738878));
#1816=CARTESIAN_POINT('Ctrl Pts',(2.54523415907369,95.4958098089276,12.2034626130564));
#1817=CARTESIAN_POINT('Ctrl Pts',(3.16131006464299,96.9241335725365,10.8109172057386));
#1818=CARTESIAN_POINT('Ctrl Pts',(3.95651498224102,97.6385857855709,9.72056741462485));
#1819=CARTESIAN_POINT('Ctrl Pts',(5.08467739080803,97.8880081193186,8.8158914262603));
#1820=CARTESIAN_POINT('Ctrl Pts',(6.89680108689348,97.5570980432587,8.10650668410185));
#1821=CARTESIAN_POINT('Ctrl Pts',(9.07229384240957,95.9675853537128,8.21075921572258));
#1822=CARTESIAN_POINT('Ctrl Pts',(10.4824013153941,93.1468683203514,8.76675886200525));
#1823=CARTESIAN_POINT('Ctrl Pts',(10.7815972079344,91.0498867990391,8.93068651593264));
#1824=CARTESIAN_POINT('Ctrl Pts',(10.7815972079344,90.,8.93068651593264));
#1825=CARTESIAN_POINT('',(4.00517857877658,90.,11.9481607183746));
#1826=CARTESIAN_POINT('Origin',(2.00863096462763,90.,11.8306974286362));
#1827=CARTESIAN_POINT('Ctrl Pts',(4.00517857877658,90.,11.9481607183746));
#1828=CARTESIAN_POINT('Ctrl Pts',(4.00517857877658,90.8399094392311,11.9481607183746));
#1829=CARTESIAN_POINT('Ctrl Pts',(4.00785962089107,92.5189794364194,11.7863741113192));
#1830=CARTESIAN_POINT('Ctrl Pts',(4.11870046411243,94.3966478471422,11.1778186508879));
#1831=CARTESIAN_POINT('Ctrl Pts',(4.45128457727766,95.5393068580292,10.5004917144767));
#1832=CARTESIAN_POINT('Ctrl Pts',(4.87941707704279,96.1108686284568,9.96171945704081));
#1833=CARTESIAN_POINT('Ctrl Pts',(5.48133601235249,96.3104064954549,9.49893054266507));
#1834=CARTESIAN_POINT('Ctrl Pts',(6.42560473489631,96.045678434607,9.106863467878));
#1835=CARTESIAN_POINT('Ctrl Pts',(7.51225613995399,94.7740682829702,9.11131420554602));
#1836=CARTESIAN_POINT('Ctrl Pts',(8.19961039309367,92.5174946562811,9.3660224713776));
#1837=CARTESIAN_POINT('Ctrl Pts',(8.34482142122341,90.8399094392311,9.44266675510107));
#1838=CARTESIAN_POINT('Ctrl Pts',(8.34482142122341,90.,9.44266675510107));
#1839=CARTESIAN_POINT('Origin',(2.00863096462763,100.,11.8306974286362));
#1840=CARTESIAN_POINT('',(4.00517857877658,25.,11.9481607183746));
#1841=CARTESIAN_POINT('Origin',(2.00863096462763,25.,11.8306974286362));
#1842=CARTESIAN_POINT('',(4.00517857877658,100.,11.9481607183746));
#1843=CARTESIAN_POINT('Origin',(7.,100.,-12.1243556529821));
#1844=CARTESIAN_POINT('Origin',(7.,25.,-12.1243556529821));
#1845=CARTESIAN_POINT('Origin',(6.99999999999999,100.,12.1243556529821));
#1846=CARTESIAN_POINT('Origin',(6.99999999999999,25.,12.1243556529821));
#1847=CARTESIAN_POINT('Origin',(0.,100.,0.));
#1848=CARTESIAN_POINT('Ctrl Pts',(-12.4989219560494,0.,0.0101469895393139));
#1849=CARTESIAN_POINT('Ctrl Pts',(-12.4974094861895,0.,1.87318653111139));
#1850=CARTESIAN_POINT('Ctrl Pts',(-11.6406842534941,0.,5.62646868851967));
#1851=CARTESIAN_POINT('Ctrl Pts',(-8.04680027864058,0.,10.1141983301227));
#1852=CARTESIAN_POINT('Ctrl Pts',(-2.8600609796361,0.,12.6082925834655));
#1853=CARTESIAN_POINT('Ctrl Pts',(2.25344180924456,0.,12.5944198994941));
#1854=CARTESIAN_POINT('Ctrl Pts',(7.53648202109808,0.,10.5208082783669));
#1855=CARTESIAN_POINT('Ctrl Pts',(11.9695727679174,0.,5.73229124361257));
#1856=CARTESIAN_POINT('Ctrl Pts',(12.9209346064433,0.,-0.680857336276429));
#1857=CARTESIAN_POINT('Ctrl Pts',(11.4275618091214,0.,-5.50680905293691));
#1858=CARTESIAN_POINT('Ctrl Pts',(8.59172152548375,0.,-9.6803497690983));
#1859=CARTESIAN_POINT('Ctrl Pts',(4.08009516209769,0.,-12.2801583815034));
#1860=CARTESIAN_POINT('Ctrl Pts',(-2.21753004226978,0.,-12.749675243224));
#1861=CARTESIAN_POINT('Ctrl Pts',(-7.6675470126922,0.,-10.6100720565227));
#1862=CARTESIAN_POINT('Ctrl Pts',(-11.6524510961449,0.,-5.59618056947785));
#1863=CARTESIAN_POINT('Ctrl Pts',(-12.5004344259093,0.,-1.85289255203279));
#1864=CARTESIAN_POINT('Ctrl Pts',(-12.4989219560494,0.,0.0101469895393136));
#1865=CARTESIAN_POINT('Ctrl Pts',(-12.9547987642069,0.,0.0105170836338172));
#1866=CARTESIAN_POINT('Ctrl Pts',(-12.9532308674865,5.38701627994276E-21,
1.94183066856187));
#1867=CARTESIAN_POINT('Ctrl Pts',(-12.0652472186824,-7.29241677398563E-20,
5.83154489107984));
#1868=CARTESIAN_POINT('Ctrl Pts',(-8.34046214005243,2.96372049347125E-20,
10.4831903302653));
#1869=CARTESIAN_POINT('Ctrl Pts',(-2.96424502834625,-2.18032998226461E-20,
13.0681442927096));
#1870=CARTESIAN_POINT('Ctrl Pts',(2.33547605915182,1.02597357393281E-19,
13.0539204300744));
#1871=CARTESIAN_POINT('Ctrl Pts',(7.81150173190671,-5.16235968599139E-20,
10.904468750669));
#1872=CARTESIAN_POINT('Ctrl Pts',(12.4062052659408,-4.81480359264638E-22,
5.94142613494426));
#1873=CARTESIAN_POINT('Ctrl Pts',(13.3922159812326,-5.94325185468896E-20,
-0.705599056793839));
#1874=CARTESIAN_POINT('Ctrl Pts',(11.8444503447558,-9.53382314514355E-21,
-5.70769849636261));
#1875=CARTESIAN_POINT('Ctrl Pts',(8.90500166075149,7.19862901797237E-20,
-10.0334935105499));
#1876=CARTESIAN_POINT('Ctrl Pts',(4.22899333226045,1.78559021311219E-20,
-12.7281338081787));
#1877=CARTESIAN_POINT('Ctrl Pts',(-2.29841514568102,-4.33416593053048E-22,
-13.2147127674925));
#1878=CARTESIAN_POINT('Ctrl Pts',(-7.94727632849892,-8.26659196781207E-20,
-10.997141819836));
#1879=CARTESIAN_POINT('Ctrl Pts',(-12.0775101765008,9.0995770492747E-20,
-5.8001581399782));
#1880=CARTESIAN_POINT('Ctrl Pts',(-12.9563666609273,-8.14020249071387E-22,
-1.92079650129436));
#1881=CARTESIAN_POINT('Ctrl Pts',(-12.9547987642069,0.,0.0105170836338167));
#1882=CARTESIAN_POINT('Ctrl Pts',(-13.7440148028748,0.388702307320926,0.0111577922418704));
#1883=CARTESIAN_POINT('Ctrl Pts',(-13.7423518223248,0.388702307320926,2.05959432894697));
#1884=CARTESIAN_POINT('Ctrl Pts',(-12.8002894579889,0.388702307320926,6.18703795297282));
#1885=CARTESIAN_POINT('Ctrl Pts',(-8.84829045230176,0.388702307320926,11.1216787770449));
#1886=CARTESIAN_POINT('Ctrl Pts',(-3.14504707048828,0.388702307320926,13.8642889264154));
#1887=CARTESIAN_POINT('Ctrl Pts',(2.47801339338837,0.388702307320926,13.8489424397503));
#1888=CARTESIAN_POINT('Ctrl Pts',(8.28715362796282,0.388702307320926,11.568889679785));
#1889=CARTESIAN_POINT('Ctrl Pts',(13.1618966923222,0.388702307320926,6.303284047108));
#1890=CARTESIAN_POINT('Ctrl Pts',(14.2080593290503,0.388702307320926,-0.748735862837813));
#1891=CARTESIAN_POINT('Ctrl Pts',(12.5658779478376,0.388702307320926,-6.05535289959533));
#1892=CARTESIAN_POINT('Ctrl Pts',(9.44764696869446,0.388702307320926,-10.6446264132769));
#1893=CARTESIAN_POINT('Ctrl Pts',(4.48648834607807,0.388702307320925,-13.5034127965819));
#1894=CARTESIAN_POINT('Ctrl Pts',(-2.43842889470583,0.388702307320926,-14.0197382814569));
#1895=CARTESIAN_POINT('Ctrl Pts',(-8.43131678534632,0.388702307320926,-11.6669544445937));
#1896=CARTESIAN_POINT('Ctrl Pts',(-12.8131887443873,0.388702307320926,-6.15372904698518));
#1897=CARTESIAN_POINT('Ctrl Pts',(-13.7456777834249,0.388702307320926,-2.03727874446355));
#1898=CARTESIAN_POINT('Ctrl Pts',(-13.7440148028748,0.388702307320926,0.0111577922418694));
#1899=CARTESIAN_POINT('Ctrl Pts',(-14.0069304284894,1.19535293134558,0.0113712348181353));
#1900=CARTESIAN_POINT('Ctrl Pts',(-14.0052353290377,1.19535293134558,2.0993713920726));
#1901=CARTESIAN_POINT('Ctrl Pts',(-13.045139135758,1.19535293134558,6.30522914419368));
#1902=CARTESIAN_POINT('Ctrl Pts',(-9.01775093598365,1.19535293134558,11.3345405064652));
#1903=CARTESIAN_POINT('Ctrl Pts',(-3.20505578806884,1.19535293134558,14.1294886941815));
#1904=CARTESIAN_POINT('Ctrl Pts',(2.52523353592784,1.19535293134558,14.1140299406898));
#1905=CARTESIAN_POINT('Ctrl Pts',(8.44584570828282,1.19535293134558,11.7901166638014));
#1906=CARTESIAN_POINT('Ctrl Pts',(13.4137502569516,1.19535293134558,6.42393201936374));
#1907=CARTESIAN_POINT('Ctrl Pts',(14.4798663727733,1.19535293134558,-0.762951747597449));
#1908=CARTESIAN_POINT('Ctrl Pts',(12.8063592272253,1.19535293134558,-6.17123305333548));
#1909=CARTESIAN_POINT('Ctrl Pts',(9.62827206512139,1.19535293134558,-10.848333840446));
#1910=CARTESIAN_POINT('Ctrl Pts',(4.57241045857284,1.19535293134558,-13.7618167723285));
#1911=CARTESIAN_POINT('Ctrl Pts',(-2.48507998513719,1.19535293134558,-14.2879458216987));
#1912=CARTESIAN_POINT('Ctrl Pts',(-8.59268374912675,1.19535293134558,-11.8902371866258));
#1913=CARTESIAN_POINT('Ctrl Pts',(-13.0583635770852,1.19535293134558,-6.27129017198623));
#1914=CARTESIAN_POINT('Ctrl Pts',(-14.008625527941,1.19535293134558,-2.0766289224367));
#1915=CARTESIAN_POINT('Ctrl Pts',(-14.0069304284894,1.19535293134558,0.0113712348181342));
#1916=CARTESIAN_POINT('Ctrl Pts',(-13.9984612082699,1.5371557406208,0.011364359258045));
#1917=CARTESIAN_POINT('Ctrl Pts',(-13.9967672821268,1.5371557406208,2.09791925126176));
#1918=CARTESIAN_POINT('Ctrl Pts',(-13.0372577357672,1.5371557406208,6.30149575721356));
#1919=CARTESIAN_POINT('Ctrl Pts',(-9.01220296817091,1.5371557406208,11.3276339731399));
#1920=CARTESIAN_POINT('Ctrl Pts',(-3.20319246871886,1.5371557406208,14.1209534112448));
#1921=CARTESIAN_POINT('Ctrl Pts',(2.52379508110586,1.5371557406208,14.1054163730017));
#1922=CARTESIAN_POINT('Ctrl Pts',(8.44066004973361,1.5371557406208,11.7830263347699));
#1923=CARTESIAN_POINT('Ctrl Pts',(13.4056041521372,1.5371557406208,6.42001421325591));
#1924=CARTESIAN_POINT('Ctrl Pts',(14.4711041879374,1.53715574062081,-0.762542165135908));
#1925=CARTESIAN_POINT('Ctrl Pts',(12.7985662485609,1.5371557406208,-6.1674801378832));
#1926=CARTESIAN_POINT('Ctrl Pts',(9.62250031719984,1.5371557406208,-10.8417350873705));
#1927=CARTESIAN_POINT('Ctrl Pts',(4.56959840644746,1.5371557406208,-13.7534518048323));
#1928=CARTESIAN_POINT('Ctrl Pts',(-2.48357485421877,1.5371557406208,-14.2792982417118));
#1929=CARTESIAN_POINT('Ctrl Pts',(-8.58744936540766,1.5371557406208,-11.8829993996639));
#1930=CARTESIAN_POINT('Ctrl Pts',(-13.0504362875631,1.5371557406208,-6.26757386691201));
#1931=CARTESIAN_POINT('Ctrl Pts',(-14.000155134413,1.5371557406208,-2.07519053274604));
#1932=CARTESIAN_POINT('Ctrl Pts',(-13.9984612082699,1.5371557406208,0.0113643592580439));
#1933=CARTESIAN_POINT('',(-13.9984612082699,1.5371557406208,0.0113643592580428));
#1934=CARTESIAN_POINT('',(-12.4989219560494,0.,0.0101469895393136));
#1935=CARTESIAN_POINT('Origin',(-12.4989219560494,1.5,0.0101469895393136));
#1936=CARTESIAN_POINT('Ctrl Pts',(-12.4989219560494,0.,0.0101469895393139));
#1937=CARTESIAN_POINT('Ctrl Pts',(-12.4974094861895,0.,1.87318653111139));
#1938=CARTESIAN_POINT('Ctrl Pts',(-11.6406842534941,0.,5.62646868851967));
#1939=CARTESIAN_POINT('Ctrl Pts',(-8.04680027864058,0.,10.1141983301227));
#1940=CARTESIAN_POINT('Ctrl Pts',(-2.8600609796361,0.,12.6082925834655));
#1941=CARTESIAN_POINT('Ctrl Pts',(2.25344180924456,0.,12.5944198994941));
#1942=CARTESIAN_POINT('Ctrl Pts',(7.53648202109808,0.,10.5208082783669));
#1943=CARTESIAN_POINT('Ctrl Pts',(11.9695727679174,0.,5.73229124361257));
#1944=CARTESIAN_POINT('Ctrl Pts',(12.9209346064433,0.,-0.680857336276429));
#1945=CARTESIAN_POINT('Ctrl Pts',(11.4275618091214,0.,-5.50680905293691));
#1946=CARTESIAN_POINT('Ctrl Pts',(8.59172152548375,0.,-9.6803497690983));
#1947=CARTESIAN_POINT('Ctrl Pts',(4.08009516209769,0.,-12.2801583815034));
#1948=CARTESIAN_POINT('Ctrl Pts',(-2.21753004226978,0.,-12.749675243224));
#1949=CARTESIAN_POINT('Ctrl Pts',(-7.6675470126922,0.,-10.6100720565227));
#1950=CARTESIAN_POINT('Ctrl Pts',(-11.6524510961449,0.,-5.59618056947785));
#1951=CARTESIAN_POINT('Ctrl Pts',(-12.5004344259093,0.,-1.85289255203279));
#1952=CARTESIAN_POINT('Ctrl Pts',(-12.4989219560494,0.,0.0101469895393136));
#1953=CARTESIAN_POINT('',(0.000869062758562257,1.5371557406208,13.9960549326861));
#1954=CARTESIAN_POINT('Ctrl Pts',(-13.9984612082699,1.5371557406208,0.0113643592580439));
#1955=CARTESIAN_POINT('Ctrl Pts',(-14.000155134413,1.5371557406208,-2.07519053274604));
#1956=CARTESIAN_POINT('Ctrl Pts',(-13.0504362875631,1.5371557406208,-6.26757386691201));
#1957=CARTESIAN_POINT('Ctrl Pts',(-8.58744936540766,1.5371557406208,-11.8829993996639));
#1958=CARTESIAN_POINT('Ctrl Pts',(-2.48357485421877,1.5371557406208,-14.2792982417118));
#1959=CARTESIAN_POINT('Ctrl Pts',(4.56959840644746,1.5371557406208,-13.7534518048323));
#1960=CARTESIAN_POINT('Ctrl Pts',(9.62250031719984,1.5371557406208,-10.8417350873705));
#1961=CARTESIAN_POINT('Ctrl Pts',(12.7985662485609,1.5371557406208,-6.1674801378832));
#1962=CARTESIAN_POINT('Ctrl Pts',(14.4711041879374,1.53715574062081,-0.762542165135908));
#1963=CARTESIAN_POINT('Ctrl Pts',(13.4056041521372,1.5371557406208,6.42001421325591));
#1964=CARTESIAN_POINT('Ctrl Pts',(8.44066004973361,1.5371557406208,11.7830263347699));
#1965=CARTESIAN_POINT('Ctrl Pts',(3.50447111139131,1.5371557406208,13.7204976270875));
#1966=CARTESIAN_POINT('Ctrl Pts',(1.05413077503589,1.5371557406208,13.9953619168908));
#1967=CARTESIAN_POINT('Ctrl Pts',(0.000869062758562453,1.5371557406208,
13.9960549326861));
#1968=CARTESIAN_POINT('Ctrl Pts',(0.000869062758562453,1.5371557406208,
13.9960549326861));
#1969=CARTESIAN_POINT('Ctrl Pts',(-1.04077647004281,1.5371557406208,13.9967403053706));
#1970=CARTESIAN_POINT('Ctrl Pts',(-4.17672934163818,1.5371557406208,13.6528186968913));
#1971=CARTESIAN_POINT('Ctrl Pts',(-9.01220296817091,1.5371557406208,11.3276339731399));
#1972=CARTESIAN_POINT('Ctrl Pts',(-13.0372577357672,1.5371557406208,6.30149575721356));
#1973=CARTESIAN_POINT('Ctrl Pts',(-13.9967672821268,1.5371557406208,2.09791925126176));
#1974=CARTESIAN_POINT('Ctrl Pts',(-13.9984612082699,1.5371557406208,0.011364359258045));
#1975=CARTESIAN_POINT('Origin',(0.,0.,0.));
#1976=CARTESIAN_POINT('',(-3.5,0.,4.28626379701574E-16));
#1977=CARTESIAN_POINT('Origin',(0.,0.,0.));
#1978=CARTESIAN_POINT('Origin',(0.,21.907204803804,0.));
#1979=CARTESIAN_POINT('',(-1.61782287676835E-15,19.210638812762,-13.2105263157895));
#1980=CARTESIAN_POINT('Origin',(-1.10218211923262E-15,21.907204803804,-9.));
#1981=CARTESIAN_POINT('Origin',(0.,19.210638812762,0.));
#1982=CARTESIAN_POINT('Origin',(0.,1.41330327188479,0.));
#1983=CARTESIAN_POINT('',(8.08911438384173E-16,4.10986926292679,13.2105263157895));
#1984=CARTESIAN_POINT('Origin',(-1.10218211923262E-15,1.41330327188479,
9.));
#1985=CARTESIAN_POINT('',(-1.61782287676835E-15,4.10986926292679,-13.2105263157895));
#1986=CARTESIAN_POINT('Origin',(0.,4.10986926292679,0.));
#1987=CARTESIAN_POINT('Origin',(0.,4.10986926292679,0.));
#1988=CARTESIAN_POINT('Origin',(0.,0.,0.));
#1989=CARTESIAN_POINT('',(-3.5,50.,4.28626379701574E-16));
#1990=CARTESIAN_POINT('',(-3.5,0.,4.28626379701574E-16));
#1991=CARTESIAN_POINT('Origin',(0.,50.,0.));
#1992=CARTESIAN_POINT('Origin',(0.,50.,0.));
#1993=CARTESIAN_POINT('Origin',(0.,11.6602540378444,0.));
#1994=CARTESIAN_POINT('Origin',(-3.06161699786838E-15,11.6602540378444,
-25.));
#1995=CARTESIAN_POINT('Origin',(6.24999999999999,25.,10.8253175473055));
#1996=CARTESIAN_POINT('Origin',(-7.00000000000001,100.,12.1243556529821));
#1997=CARTESIAN_POINT('Origin',(-7.00000000000001,25.,12.1243556529821));
#1998=CARTESIAN_POINT('Origin',(-6.25000000000001,25.,10.8253175473055));
#1999=CARTESIAN_POINT('Origin',(-14.,100.,-2.39218174862298E-15));
#2000=CARTESIAN_POINT('Origin',(-14.,25.,-2.39218174862298E-15));
#2001=CARTESIAN_POINT('Origin',(-12.5,25.,-2.08592001124677E-15));
#2002=CARTESIAN_POINT('Origin',(-7.,100.,-12.1243556529821));
#2003=CARTESIAN_POINT('Origin',(-7.,25.,-12.1243556529821));
#2004=CARTESIAN_POINT('Origin',(-6.25,25.,-10.8253175473055));
#2005=CARTESIAN_POINT('Origin',(6.25,25.,-10.8253175473055));
#2006=CARTESIAN_POINT('Origin',(12.5,25.,5.55111512312578E-16));
#2007=CARTESIAN_POINT('',(0.,0.,0.));
#2008=CARTESIAN_POINT('Origin',(0.,50.,0.));
#2009=CARTESIAN_POINT('',(-3.5,-100.,-4.28626379701574E-16));
#2010=CARTESIAN_POINT('Origin',(0.,-100.,0.));
#2011=CARTESIAN_POINT('',(-3.5,50.,-4.28626379701574E-16));
#2012=CARTESIAN_POINT('',(-3.5,50.,-4.28626379701574E-16));
#2013=CARTESIAN_POINT('Origin',(0.,50.,0.));
#2014=CARTESIAN_POINT('Origin',(0.,-100.,0.));
#2015=CARTESIAN_POINT('Origin',(0.,50.,0.));
#2016=CARTESIAN_POINT('',(0.,0.,0.));
#2017=CARTESIAN_POINT('Origin',(0.,-110.990901565318,-18.4727046959542));
#2018=CARTESIAN_POINT('',(3.46410161513776,-110.,-0.499999999999999));
#2019=CARTESIAN_POINT('',(0.,-101.,-3.50000000000001));
#2020=CARTESIAN_POINT('Ctrl Pts',(3.46410161513776,-110.,-0.5));
#2021=CARTESIAN_POINT('Ctrl Pts',(3.45823694027013,-109.263033947481,-0.5406316593624));
#2022=CARTESIAN_POINT('Ctrl Pts',(3.44581054008731,-108.49888765133,-0.629607317993258));
#2023=CARTESIAN_POINT('Ctrl Pts',(3.36954791016972,-106.647995799787,-0.968855437137357));
#2024=CARTESIAN_POINT('Ctrl Pts',(3.28334435897911,-105.573957719166,-1.27752903149148));
#2025=CARTESIAN_POINT('Ctrl Pts',(3.02465015256751,-104.276610410971,-1.76757632974353));
#2026=CARTESIAN_POINT('Ctrl Pts',(2.93032229927245,-103.895746677684,-1.92519056545771));
#2027=CARTESIAN_POINT('Ctrl Pts',(2.68203844483812,-103.164420657864,-2.25827771791343));
#2028=CARTESIAN_POINT('Ctrl Pts',(2.5269929972807,-102.814189262622,-2.43344450267897));
#2029=CARTESIAN_POINT('Ctrl Pts',(2.18131696095883,-102.227823962314,-2.74651449594665));
#2030=CARTESIAN_POINT('Ctrl Pts',(1.93888652929692,-101.912051927522,-2.92776434805927));
#2031=CARTESIAN_POINT('Ctrl Pts',(1.47804806388068,-101.491523028065,-3.18177190121795));
#2032=CARTESIAN_POINT('Ctrl Pts',(1.21551015585389,-101.31144002936,-3.29609279884305));
#2033=CARTESIAN_POINT('Ctrl Pts',(0.631346860438651,-101.065355874086,-3.45587870297849));
#2034=CARTESIAN_POINT('Ctrl Pts',(0.309083222913018,-101.,-3.5));
#2035=CARTESIAN_POINT('Ctrl Pts',(-6.24500451351651E-16,-101.,-3.5));
#2036=CARTESIAN_POINT('',(-3.46410161513776,-110.,-0.499999999999999));
#2037=CARTESIAN_POINT('',(0.,-110.,-0.5));
#2038=CARTESIAN_POINT('Ctrl Pts',(4.16333634234434E-16,-101.,-3.5));
#2039=CARTESIAN_POINT('Ctrl Pts',(-0.309083222913018,-101.,-3.5));
#2040=CARTESIAN_POINT('Ctrl Pts',(-0.631346860438651,-101.065355874086,
-3.45587870297849));
#2041=CARTESIAN_POINT('Ctrl Pts',(-1.21551015585389,-101.31144002936,-3.29609279884305));
#2042=CARTESIAN_POINT('Ctrl Pts',(-1.47804806388068,-101.491523028065,-3.18177190121795));
#2043=CARTESIAN_POINT('Ctrl Pts',(-1.93888652929692,-101.912051927522,-2.92776434805927));
#2044=CARTESIAN_POINT('Ctrl Pts',(-2.18131696095883,-102.227823962314,-2.74651449594665));
#2045=CARTESIAN_POINT('Ctrl Pts',(-2.5269929972807,-102.814189262622,-2.43344450267897));
#2046=CARTESIAN_POINT('Ctrl Pts',(-2.68203844483811,-103.164420657864,-2.25827771791343));
#2047=CARTESIAN_POINT('Ctrl Pts',(-2.93032229927245,-103.895746677684,-1.92519056545771));
#2048=CARTESIAN_POINT('Ctrl Pts',(-3.02465015256751,-104.276610410971,-1.76757632974353));
#2049=CARTESIAN_POINT('Ctrl Pts',(-3.28334435897911,-105.573957719166,-1.27752903149148));
#2050=CARTESIAN_POINT('Ctrl Pts',(-3.36954791016972,-106.647995799787,-0.968855437137357));
#2051=CARTESIAN_POINT('Ctrl Pts',(-3.44581054008731,-108.49888765133,-0.629607317993255));
#2052=CARTESIAN_POINT('Ctrl Pts',(-3.45823694027013,-109.263033947481,-0.540631659362401));
#2053=CARTESIAN_POINT('Ctrl Pts',(-3.46410161513775,-110.,-0.500000000000001));
#2054=CARTESIAN_POINT('Origin',(0.,-100.,0.));
#2055=CARTESIAN_POINT('',(-3.5,-110.,-4.28626379701574E-16));
#2056=CARTESIAN_POINT('Origin',(0.,-110.,0.));
#2057=CARTESIAN_POINT('',(-3.5,-100.,-4.28626379701574E-16));
#2058=CARTESIAN_POINT('',(-3.5,-100.,-4.28626379701574E-16));
#2059=CARTESIAN_POINT('Origin',(0.,-100.,0.));
#2060=CARTESIAN_POINT('',(-3.46410161513776,-110.,0.499999999999999));
#2061=CARTESIAN_POINT('Origin',(0.,-110.,0.));
#2062=CARTESIAN_POINT('',(0.,-101.,3.50000000000001));
#2063=CARTESIAN_POINT('Ctrl Pts',(-3.46410161513776,-110.,0.5));
#2064=CARTESIAN_POINT('Ctrl Pts',(-3.45823694027013,-109.263033947481,0.5406316593624));
#2065=CARTESIAN_POINT('Ctrl Pts',(-3.44581054008731,-108.49888765133,0.629607317993258));
#2066=CARTESIAN_POINT('Ctrl Pts',(-3.36954791016972,-106.647995799787,0.968855437137357));
#2067=CARTESIAN_POINT('Ctrl Pts',(-3.28334435897911,-105.573957719166,1.27752903149148));
#2068=CARTESIAN_POINT('Ctrl Pts',(-3.02465015256751,-104.276610410971,1.76757632974353));
#2069=CARTESIAN_POINT('Ctrl Pts',(-2.93032229927245,-103.895746677684,1.92519056545771));
#2070=CARTESIAN_POINT('Ctrl Pts',(-2.68203844483812,-103.164420657864,2.25827771791343));
#2071=CARTESIAN_POINT('Ctrl Pts',(-2.5269929972807,-102.814189262622,2.43344450267897));
#2072=CARTESIAN_POINT('Ctrl Pts',(-2.18131696095883,-102.227823962314,2.74651449594665));
#2073=CARTESIAN_POINT('Ctrl Pts',(-1.93888652929692,-101.912051927522,2.92776434805927));
#2074=CARTESIAN_POINT('Ctrl Pts',(-1.47804806388068,-101.491523028065,3.18177190121795));
#2075=CARTESIAN_POINT('Ctrl Pts',(-1.21551015585389,-101.31144002936,3.29609279884305));
#2076=CARTESIAN_POINT('Ctrl Pts',(-0.631346860438651,-101.065355874086,
3.45587870297849));
#2077=CARTESIAN_POINT('Ctrl Pts',(-0.309083222913018,-101.,3.5));
#2078=CARTESIAN_POINT('Ctrl Pts',(6.24500451351651E-16,-101.,3.5));
#2079=CARTESIAN_POINT('',(3.46410161513776,-110.,0.499999999999999));
#2080=CARTESIAN_POINT('Ctrl Pts',(-4.16333634234434E-16,-101.,3.5));
#2081=CARTESIAN_POINT('Ctrl Pts',(0.309083222913018,-101.,3.5));
#2082=CARTESIAN_POINT('Ctrl Pts',(0.631346860438651,-101.065355874086,3.45587870297849));
#2083=CARTESIAN_POINT('Ctrl Pts',(1.21551015585389,-101.31144002936,3.29609279884305));
#2084=CARTESIAN_POINT('Ctrl Pts',(1.47804806388068,-101.491523028065,3.18177190121795));
#2085=CARTESIAN_POINT('Ctrl Pts',(1.93888652929692,-101.912051927522,2.92776434805927));
#2086=CARTESIAN_POINT('Ctrl Pts',(2.18131696095883,-102.227823962314,2.74651449594665));
#2087=CARTESIAN_POINT('Ctrl Pts',(2.5269929972807,-102.814189262622,2.43344450267897));
#2088=CARTESIAN_POINT('Ctrl Pts',(2.68203844483811,-103.164420657864,2.25827771791343));
#2089=CARTESIAN_POINT('Ctrl Pts',(2.93032229927245,-103.895746677684,1.92519056545771));
#2090=CARTESIAN_POINT('Ctrl Pts',(3.02465015256751,-104.276610410971,1.76757632974353));
#2091=CARTESIAN_POINT('Ctrl Pts',(3.28334435897911,-105.573957719166,1.27752903149148));
#2092=CARTESIAN_POINT('Ctrl Pts',(3.36954791016972,-106.647995799787,0.968855437137357));
#2093=CARTESIAN_POINT('Ctrl Pts',(3.44581054008731,-108.49888765133,0.629607317993255));
#2094=CARTESIAN_POINT('Ctrl Pts',(3.45823694027013,-109.263033947481,0.540631659362401));
#2095=CARTESIAN_POINT('Ctrl Pts',(3.46410161513775,-110.,0.500000000000001));
#2096=CARTESIAN_POINT('Origin',(0.,-110.,0.));
#2097=CARTESIAN_POINT('Origin',(0.,-110.990901565318,18.4727046959542));
#2098=CARTESIAN_POINT('',(0.,-110.,0.5));
#2099=CARTESIAN_POINT('Origin',(0.,-110.,0.));
#2100=CARTESIAN_POINT('Origin',(0.,-100.,0.));
#2101=CARTESIAN_POINT('',(0.,0.,0.));
#2102=CARTESIAN_POINT('',(0.,0.,0.));
#2103=CARTESIAN_POINT('',(0.,0.,0.));
#2104=UNCERTAINTY_MEASURE_WITH_UNIT(LENGTH_MEASURE(0.01),#2114,
'DISTANCE_ACCURACY_VALUE',
'Maximum model space distance between geometric entities at asserted c
onnectivities');
#2105=UNCERTAINTY_MEASURE_WITH_UNIT(LENGTH_MEASURE(0.01),#2114,
'DISTANCE_ACCURACY_VALUE',
'Maximum model space distance between geometric entities at asserted c
onnectivities');
#2106=UNCERTAINTY_MEASURE_WITH_UNIT(LENGTH_MEASURE(0.01),#2114,
'DISTANCE_ACCURACY_VALUE',
'Maximum model space distance between geometric entities at asserted c
onnectivities');
#2107=UNCERTAINTY_MEASURE_WITH_UNIT(LENGTH_MEASURE(0.01),#2114,
'DISTANCE_ACCURACY_VALUE',
'Maximum model space distance between geometric entities at asserted c
onnectivities');
#2108=UNCERTAINTY_MEASURE_WITH_UNIT(LENGTH_MEASURE(0.01),#2114,
'DISTANCE_ACCURACY_VALUE',
'Maximum model space distance between geometric entities at asserted c
onnectivities');
#2109=(
GEOMETRIC_REPRESENTATION_CONTEXT(3)
GLOBAL_UNCERTAINTY_ASSIGNED_CONTEXT((#2104))
GLOBAL_UNIT_ASSIGNED_CONTEXT((#2114,#2116,#2117))
REPRESENTATION_CONTEXT('','3D')
);
#2110=(
GEOMETRIC_REPRESENTATION_CONTEXT(3)
GLOBAL_UNCERTAINTY_ASSIGNED_CONTEXT((#2105))
GLOBAL_UNIT_ASSIGNED_CONTEXT((#2114,#2116,#2117))
REPRESENTATION_CONTEXT('','3D')
);
#2111=(
GEOMETRIC_REPRESENTATION_CONTEXT(3)
GLOBAL_UNCERTAINTY_ASSIGNED_CONTEXT((#2106))
GLOBAL_UNIT_ASSIGNED_CONTEXT((#2114,#2116,#2117))
REPRESENTATION_CONTEXT('','3D')
);
#2112=(
GEOMETRIC_REPRESENTATION_CONTEXT(3)
GLOBAL_UNCERTAINTY_ASSIGNED_CONTEXT((#2107))
GLOBAL_UNIT_ASSIGNED_CONTEXT((#2114,#2116,#2117))
REPRESENTATION_CONTEXT('','3D')
);
#2113=(
GEOMETRIC_REPRESENTATION_CONTEXT(3)
GLOBAL_UNCERTAINTY_ASSIGNED_CONTEXT((#2108))
GLOBAL_UNIT_ASSIGNED_CONTEXT((#2114,#2116,#2117))
REPRESENTATION_CONTEXT('','3D')
);
#2114=(
LENGTH_UNIT()
NAMED_UNIT(*)
SI_UNIT(.MILLI.,.METRE.)
);
#2115=(
LENGTH_UNIT()
NAMED_UNIT(*)
SI_UNIT($,.METRE.)
);
#2116=(
NAMED_UNIT(*)
PLANE_ANGLE_UNIT()
SI_UNIT($,.RADIAN.)
);
#2117=(
NAMED_UNIT(*)
SI_UNIT($,.STERADIAN.)
SOLID_ANGLE_UNIT()
);
#2118=SHAPE_DEFINITION_REPRESENTATION(#2122,#2129);
#2119=SHAPE_DEFINITION_REPRESENTATION(#2123,#2130);
#2120=SHAPE_DEFINITION_REPRESENTATION(#2124,#2131);
#2121=SHAPE_DEFINITION_REPRESENTATION(#2125,#2132);
#2122=PRODUCT_DEFINITION_SHAPE('',$,#2134);
#2123=PRODUCT_DEFINITION_SHAPE('',$,#2135);
#2124=PRODUCT_DEFINITION_SHAPE('',$,#2136);
#2125=PRODUCT_DEFINITION_SHAPE('',$,#2137);
#2126=PRODUCT_DEFINITION_SHAPE($,$,#20);
#2127=PRODUCT_DEFINITION_SHAPE($,$,#21);
#2128=PRODUCT_DEFINITION_SHAPE($,$,#22);
#2129=SHAPE_REPRESENTATION('',(#815,#922,#923,#924),#2109);
#2130=SHAPE_REPRESENTATION('',(#816),#2110);
#2131=SHAPE_REPRESENTATION('',(#906),#2111);
#2132=SHAPE_REPRESENTATION('',(#912),#2112);
#2133=PRODUCT_DEFINITION_CONTEXT('part definition',#2147,'design');
#2134=PRODUCT_DEFINITION('2026-06-29-16-03-41-221','screwdriver',#2138,
#2133);
#2135=PRODUCT_DEFINITION('2026-06-29-16-09-54-752','handle',#2139,#2133);
#2136=PRODUCT_DEFINITION('2026-06-29-16-13-48-936','shank',#2140,#2133);
#2137=PRODUCT_DEFINITION('2026-06-29-19-37-02-556','tip',#2141,#2133);
#2138=PRODUCT_DEFINITION_FORMATION('',$,#2149);
#2139=PRODUCT_DEFINITION_FORMATION('',$,#2150);
#2140=PRODUCT_DEFINITION_FORMATION('',$,#2151);
#2141=PRODUCT_DEFINITION_FORMATION('',$,#2152);
#2142=PRODUCT_RELATED_PRODUCT_CATEGORY('screwdriver','screwdriver',(#2149));
#2143=PRODUCT_RELATED_PRODUCT_CATEGORY('handle','handle',(#2150));
#2144=PRODUCT_RELATED_PRODUCT_CATEGORY('shank','shank',(#2151));
#2145=PRODUCT_RELATED_PRODUCT_CATEGORY('tip','tip',(#2152));
#2146=APPLICATION_PROTOCOL_DEFINITION('international standard',
'automotive_design',2009,#2147);
#2147=APPLICATION_CONTEXT(
'Core Data for Automotive Mechanical Design Process');
#2148=PRODUCT_CONTEXT('part definition',#2147,'mechanical');
#2149=PRODUCT('2026-06-29-16-03-41-221','screwdriver',$,(#2148));
#2150=PRODUCT('2026-06-29-16-09-54-752','handle',$,(#2148));
#2151=PRODUCT('2026-06-29-16-13-48-936','shank',$,(#2148));
#2152=PRODUCT('2026-06-29-19-37-02-556','tip',$,(#2148));
#2153=PRESENTATION_STYLE_ASSIGNMENT((#2154));
#2154=SURFACE_STYLE_USAGE(.BOTH.,#2155);
#2155=SURFACE_SIDE_STYLE('',(#2156));
#2156=SURFACE_STYLE_FILL_AREA(#2157);
#2157=FILL_AREA_STYLE('Steel - Satin',(#2158));
#2158=FILL_AREA_STYLE_COLOUR('Steel - Satin',#2159);
#2159=COLOUR_RGB('Steel - Satin',0.627450980392157,0.627450980392157,0.627450980392157);
ENDSEC;
END-ISO-10303-21;
